Workbook

Sheet 项目驾驶舱
A1: 华能交易中心港口交易平台｜项目管理驾驶舱
A3: 统计日期 | B3: 46276
A5: 总任务数 | B5: 已完成 | C5: 进行中 | D5: 未开始 | E5: 暂停 | F5: 平均进度 | G5: 已延期 | H5: 临近到期 | I5: 高风险 | J5: 未关闭问题 | K5: 待决变更 | L5: 里程碑达成 | M5: 集成完成 | N5: 交付物完成
A6: =COUNTA(项目总控台账!$A$4:$A$203) | B6: =COUNTIF(项目总控台账!$G$4:$G$203,"已完成") | C6: =COUNTIF(项目总控台账!$G$4:$G$203,"进行中") | D6: =COUNTIF(项目总控台账!$G$4:$G$203,"未开始") | E6: =COUNTIF(项目总控台账!$G$4:$G$203,"暂停") | F6: =AVERAGE(项目总控台账!$AB$4:$AB$203) | G6: =COUNTIF(项目总控台账!$AC$4:$AC$203,"已延期") | H6: =COUNTIF(项目总控台账!$AC$4:$AC$203,"临近到期") | I6: =COUNTIFS(风险问题台账!$D$4:$D$103,"高",风险问题台账!$K$4:$K$103,"<>已关闭") | J6: =COUNTIF(风险问题台账!$K$4:$K$103,"处理中")+COUNTIF(风险问题台账!$K$4:$K$103,"待处理") | K6: =COUNTIF(变更台账!$G$4:$G$53,"评估中")+COUNTIF(变更台账!$G$4:$G$53,"待审批") | L6: =IFERROR(COUNTIF(里程碑计划!$G$4:$G$23,"已完成")/COUNTA(里程碑计划!$A$4:$A$23),0) | M6: =IFERROR(COUNTIF(集成管理!$G$4:$G$53,"已完成")/COUNTA(集成管理!$A$4:$A$53),0) | N6: =IFERROR(COUNTIF(交付物台账!$G$4:$G$53,"已完成")/COUNTA(交付物台账!$A$4:$A$53),0)
A7: 综合进度 | D7: 任务完成率 | G7: 计划投入人天 | J7: 计划人工成本 | M7: 人日单价
A8: =AVERAGE(项目总控台账!$AB$4:$AB$148) | D8: =COUNTIF(项目总控台账!$G$4:$G$148,"已完成")/COUNTIF(项目总控台账!$A$4:$A$148,"<>") | G8: =SUM(资源计划!$H$5:$H$10)/8 | J8: =G8*M8 | M8: 1200
A9: 状态 | B9: 任务数 | D9: 批次 | E9: 任务数 | F9: 已完成 | G9: 完成率
A10: 已完成 | B10: =B6 | D10: 第一批次 | E10: =COUNTIF(项目总控台账!$F$4:$F$203,D10) | F10: =COUNTIFS(项目总控台账!$F$4:$F$203,D10,项目总控台账!$G$4:$G$203,"已完成") | G10: =IFERROR(F10/E10,0)
A11: 进行中 | B11: =C6 | D11: 第二批次 | E11: =COUNTIF(项目总控台账!$F$4:$F$203,D11) | F11: =COUNTIFS(项目总控台账!$F$4:$F$203,D11,项目总控台账!$G$4:$G$203,"已完成") | G11: =IFERROR(F11/E11,0)
A12: 未开始 | B12: =D6 | D12: 其他 | E12: =$A$6-E10-E11 | F12: =$B$6-F10-F11 | G12: =IFERROR(F12/E12,0)
A13: 暂停 | B13: =E6
A16: 管理关注点
A17: ="截至 "&TEXT($B$3,"yyyy-mm-dd")&"：延期任务 "&G6&" 项，临近到期 "&H6&" 项，高风险 "&I6&" 项。建议优先处理外部系统集成依赖、第二批次未启动任务及无明确上线日期的功能。"
A22: 相关方管理
A23: 重点管理： | D23: 当前不支持： | G23: 沟通逾期： | J23: 待升级事项：
A24: =COUNTIFS(相关方管理!$B$9:$B$108,"<>",相关方管理!$N$9:$N$108,"重点管理") | D24: =COUNTIFS(相关方管理!$B$9:$B$108,"<>",相关方管理!$J$9:$J$108,"抵触")+COUNTIFS(相关方管理!$B$9:$B$108,"<>",相关方管理!$J$9:$J$108,"不支持") | G24: =COUNTIFS(相关方管理!$B$9:$B$108,"<>",相关方管理!$T$9:$T$108,"<"&$B$3,相关方管理!$T$9:$T$108,"<>") | J24: =COUNTIFS(相关方管理!$B$9:$B$108,"<>",相关方管理!$Z$9:$Z$108,"是")
A26: 风险管理
A27: 重大剩余风险 | D27: 高剩余风险 | G27: 应对逾期 | J27: 趋势上升
A28: =COUNTIFS(风险登记册!$B$9:$B$108,"<>",风险登记册!$AH$9:$AH$108,"重大") | D28: =COUNTIFS(风险登记册!$B$9:$B$108,"<>",风险登记册!$AH$9:$AH$108,"高") | G28: =COUNTIFS(风险应对计划!$B$5:$B$104,"<>",风险应对计划!$Q$5:$Q$104,"是") | J28: =COUNTIFS(风险登记册!$B$9:$B$108,"<>",风险登记册!$AI$9:$AI$108,"上升")

Sheet AI项目诊断
A1: AI项目诊断
A2: 数据日期引用“项目驾驶舱”B3；红黄绿由客观规则计算，管理判断由项目经理确认。
A4: 数据日期 | B4: =项目驾驶舱!B3 | D4: 项目经理判断 | E4: 待确认 | G4: 判断说明 | H4: 根据诊断指标补充总体判断、最大失控点和需要的支持。
A6: 任务总数 | D6: 已完成任务 | G6: 逾期任务 | J6: 未来14天到期
A7: =COUNTIF(项目总控台账!$A$4:$A$148,"<>") | D7: =COUNTIF(项目总控台账!$G$4:$G$148,"已完成") | G7: =COUNTIF(项目总控台账!$AC$4:$AC$148,"已延期")+COUNTIF(项目总控台账!$AC$4:$AC$148,"延期") | J7: =COUNTIFS(项目总控台账!$J$4:$J$148,">="&项目驾驶舱!$B$3,项目总控台账!$J$4:$J$148,"<="&项目驾驶舱!$B$3+14,项目总控台账!$G$4:$G$148,"<>已完成")
A9: 未关闭高风险 | D9: 逾期风险/问题 | G9: 逾期行动项 | J9: 数据质量问题
A10: =COUNTIFS(风险问题台账!$D$4:$D$102,"高",风险问题台账!$K$4:$K$102,"<>已关闭") | D10: =COUNTIF(风险问题台账!$M$4:$M$102,"是") | G10: =COUNTIFS(会议行动项!$J$4:$J$102,">0",会议行动项!$H$4:$H$102,"<>已完成") | J10: =COUNTIF(数据质量检查!$H$5:$H$149,"需整改")
A13: 项目健康规则 | H13: 状态分布
A14: 维度 | B14: 状态 | C14: 客观判断 | D14: 触发规则 | E14: 建议动作 | F14: 责任角色 | H14: 状态 | I14: 数量
A15: 进度 | B15: =IF(COUNTIF(项目总控台账!$AC$4:$AC$148,"*延期*")>=5,"红",IF(OR(COUNTIF(项目总控台账!$AC$4:$AC$148,"*延期*")>0,COUNTIF(项目总控台账!$G$4:$G$148,"暂停")>0),"黄","绿")) | C15: =COUNTIF(项目总控台账!$AC$4:$AC$148,"*延期*")&"项任务延期；"&COUNTIF(项目总控台账!$G$4:$G$148,"暂停")&"项任务暂停" | D15: 延期≥5红；有延期或暂停黄；否则绿 | E15: 确认关键路径、暂停原因和恢复条件 | F15: 项目经理 | H15: 绿 | I15: =COUNTIF($B$15:$B$20,H15)
A16: 风险 | B16: =IF(COUNTIFS(风险问题台账!$D$4:$D$102,"高",风险问题台账!$K$4:$K$102,"<>已关闭")>=3,"红",IF(COUNTIFS(风险问题台账!$D$4:$D$102,"高",风险问题台账!$K$4:$K$102,"<>已关闭")>0,"黄","绿")) | C16: =COUNTIFS(风险问题台账!$D$4:$D$102,"高",风险问题台账!$K$4:$K$102,"<>已关闭")&"项高风险未关闭" | D16: 高风险≥3红；1-2黄；0绿 | E16: 逐项落实责任人和关闭证据 | F16: 风险责任人 | H16: 黄 | I16: =COUNTIF($B$15:$B$20,H16)
A17: 行动 | B17: =IF(COUNTIFS(会议行动项!$J$4:$J$102,">7",会议行动项!$H$4:$H$102,"<>已完成")>0,"红",IF(COUNTIFS(会议行动项!$J$4:$J$102,">0",会议行动项!$H$4:$H$102,"<>已完成")>0,"黄","绿")) | C17: =COUNTIFS(会议行动项!$J$4:$J$102,">0",会议行动项!$H$4:$H$102,"<>已完成")&"项行动逾期" | D17: 逾期>7天红；有逾期黄；无逾期绿 | E17: 升级逾期事项并确认新承诺 | F17: PMO | H17: 红 | I17: =COUNTIF($B$15:$B$20,H17)
A18: 数据 | B18: =IF(COUNTIF(数据质量检查!$H$5:$H$149,"需整改")>=10,"红",IF(COUNTIF(数据质量检查!$H$5:$H$149,"需整改")>0,"黄","绿")) | C18: =COUNTIF(数据质量检查!$H$5:$H$149,"需整改")&"条数据需整改" | D18: 缺陷≥10红；1-9黄；0绿 | E18: 补齐责任人、日期和状态 | F18: 台账维护人 | H18: 灰 | I18: =COUNTIF($B$15:$B$20,H18)
A19: 相关方 | B19: =IF(COUNTIFS(相关方管理!$H$9:$H$108,"高",相关方管理!$J$9:$J$108,"抵触")+COUNTIFS(相关方管理!$H$9:$H$108,"高",相关方管理!$J$9:$J$108,"不支持")>0,"红",IF(COUNTIFS(相关方管理!$L$9:$L$108,">0")+COUNTIFS(相关方管理!$T$9:$T$108,"<"&项目驾驶舱!$B$3,相关方管理!$T$9:$T$108,"<>")>0,"黄","绿")) | C19: =COUNTIFS(相关方管理!$L$9:$L$108,">0")&"人存在支持差距；"&COUNTIFS(相关方管理!$Z$9:$Z$108,"是")&"项需升级" | D19: 高权力不支持红；存在支持差距或沟通逾期黄；否则绿 | E19: 确认诉求、沟通计划、责任人和升级路径 | F19: 项目经理
A20: 风险治理 | B20: =IF(COUNTIFS(风险登记册!$AH$9:$AH$108,"重大")>0,"红",IF(COUNTIFS(风险登记册!$AH$9:$AH$108,"高")+COUNTIFS(风险应对计划!$Q$5:$Q$104,"是")>0,"黄","绿")) | C20: =COUNTIFS(风险登记册!$AH$9:$AH$108,"重大")&"项重大剩余风险；"&COUNTIFS(风险应对计划!$Q$5:$Q$104,"是")&"项应对逾期" | D20: 有重大剩余风险红；有高风险或应对逾期黄；否则绿 | E20: 确认重大风险决策、应对责任和关闭证据 | F20: PMO

Sheet 数据质量检查
A1: 数据质量检查
A2: 逐条检查项目总控台账中的关键管理字段。状态为“需整改”的记录应在源台账中修正。
A4: 来源 | B4: 记录ID | C4: 任务名称 | D4: 责任人 | E4: 计划开始 | F4: 计划完成 | G4: 发现的问题 | H4: 检查状态 | I4: 建议动作 | J4: 源行号
A5: 项目总控台账 | B5: =项目总控台账!A4 | C5: =IF(AND(项目总控台账!E4<>"",项目总控台账!E4<>"/"),项目总控台账!E4,IF(AND(项目总控台账!D4<>"",项目总控台账!D4<>"/"),项目总控台账!D4,项目总控台账!C4)) | D5: =项目总控台账!H4 | E5: =项目总控台账!I4 | F5: =项目总控台账!J4 | G5: =IF(B5="","",IF(OR(C5="",C5="/"),"缺少任务名称；","")&IF(OR(D5="",D5="/"),"缺少有效主责人；","")&IF(OR(E5="",E5<DATE(2000,1,1)),"缺少有效计划开始；","")&IF(OR(F5="",F5<DATE(2000,1,1)),"缺少有效计划完成；","")&IF(项目总控台账!G4="","缺少总体状态；","")&IF(AND(ISNUMBER(E5),ISNUMBER(F5),E5>=DATE(2000,1,1),F5>=DATE(2000,1,1),E5>F5),"开始晚于完成；","")&IF(AND(项目总控台账!G4="已完成",项目总控台账!AB4<1),"已完成但进度不足100%；","")) | H5: =IF(B5="","",IF(G5="","通过","需整改")) | I5: =IF(H5="需整改","回到项目总控台账第"&J5&"行补齐或修正","无需处理") | J5: 4
A6: 项目总控台账 | B6: =项目总控台账!A5 | C6: =IF(AND(项目总控台账!E5<>"",项目总控台账!E5<>"/"),项目总控台账!E5,IF(AND(项目总控台账!D5<>"",项目总控台账!D5<>"/"),项目总控台账!D5,项目总控台账!C5)) | D6: =项目总控台账!H5 | E6: =项目总控台账!I5 | F6: =项目总控台账!J5 | G6: =IF(B6="","",IF(OR(C6="",C6="/"),"缺少任务名称；","")&IF(OR(D6="",D6="/"),"缺少有效主责人；","")&IF(OR(E6="",E6<DATE(2000,1,1)),"缺少有效计划开始；","")&IF(OR(F6="",F6<DATE(2000,1,1)),"缺少有效计划完成；","")&IF(项目总控台账!G5="","缺少总体状态；","")&IF(AND(ISNUMBER(E6),ISNUMBER(F6),E6>=DATE(2000,1,1),F6>=DATE(2000,1,1),E6>F6),"开始晚于完成；","")&IF(AND(项目总控台账!G5="已完成",项目总控台账!AB5<1),"已完成但进度不足100%；","")) | H6: =IF(B6="","",IF(G6="","通过","需整改")) | I6: =IF(H6="需整改","回到项目总控台账第"&J6&"行补齐或修正","无需处理") | J6: 5
A7: 项目总控台账 | B7: =项目总控台账!A6 | C7: =IF(AND(项目总控台账!E6<>"",项目总控台账!E6<>"/"),项目总控台账!E6,IF(AND(项目总控台账!D6<>"",项目总控台账!D6<>"/"),项目总控台账!D6,项目总控台账!C6)) | D7: =项目总控台账!H6 | E7: =项目总控台账!I6 | F7: =项目总控台账!J6 | G7: =IF(B7="","",IF(OR(C7="",C7="/"),"缺少任务名称；","")&IF(OR(D7="",D7="/"),"缺少有效主责人；","")&IF(OR(E7="",E7<DATE(2000,1,1)),"缺少有效计划开始；","")&IF(OR(F7="",F7<DATE(2000,1,1)),"缺少有效计划完成；","")&IF(项目总控台账!G6="","缺少总体状态；","")&IF(AND(ISNUMBER(E7),ISNUMBER(F7),E7>=DATE(2000,1,1),F7>=DATE(2000,1,1),E7>F7),"开始晚于完成；","")&IF(AND(项目总控台账!G6="已完成",项目总控台账!AB6<1),"已完成但进度不足100%；","")) | H7: =IF(B7="","",IF(G7="","通过","需整改")) | I7: =IF(H7="需整改","回到项目总控台账第"&J7&"行补齐或修正","无需处理") | J7: 6
A8: 项目总控台账 | B8: =项目总控台账!A7 | C8: =IF(AND(项目总控台账!E7<>"",项目总控台账!E7<>"/"),项目总控台账!E7,IF(AND(项目总控台账!D7<>"",项目总控台账!D7<>"/"),项目总控台账!D7,项目总控台账!C7)) | D8: =项目总控台账!H7 | E8: =项目总控台账!I7 | F8: =项目总控台账!J7 | G8: =IF(B8="","",IF(OR(C8="",C8="/"),"缺少任务名称；","")&IF(OR(D8="",D8="/"),"缺少有效主责人；","")&IF(OR(E8="",E8<DATE(2000,1,1)),"缺少有效计划开始；","")&IF(OR(F8="",F8<DATE(2000,1,1)),"缺少有效计划完成；","")&IF(项目总控台账!G7="","缺少总体状态；","")&IF(AND(ISNUMBER(E8),ISNUMBER(F8),E8>=DATE(2000,1,1),F8>=DATE(2000,1,1),E8>F8),"开始晚于完成；","")&IF(AND(项目总控台账!G7="已完成",项目总控台账!AB7<1),"已完成但进度不足100%；","")) | H8: =IF(B8="","",IF(G8="","通过","需整改")) | I8: =IF(H8="需整改","回到项目总控台账第"&J8&"行补齐或修正","无需处理") | J8: 7
A9: 项目总控台账 | B9: =项目总控台账!A8 | C9: =IF(AND(项目总控台账!E8<>"",项目总控台账!E8<>"/"),项目总控台账!E8,IF(AND(项目总控台账!D8<>"",项目总控台账!D8<>"/"),项目总控台账!D8,项目总控台账!C8)) | D9: =项目总控台账!H8 | E9: =项目总控台账!I8 | F9: =项目总控台账!J8 | G9: =IF(B9="","",IF(OR(C9="",C9="/"),"缺少任务名称；","")&IF(OR(D9="",D9="/"),"缺少有效主责人；","")&IF(OR(E9="",E9<DATE(2000,1,1)),"缺少有效计划开始；","")&IF(OR(F9="",F9<DATE(2000,1,1)),"缺少有效计划完成；","")&IF(项目总控台账!G8="","缺少总体状态；","")&IF(AND(ISNUMBER(E9),ISNUMBER(F9),E9>=DATE(2000,1,1),F9>=DATE(2000,1,1),E9>F9),"开始晚于完成；","")&IF(AND(项目总控台账!G8="已完成",项目总控台账!AB8<1),"已完成但进度不足100%；","")) | H9: =IF(B9="","",IF(G9="","通过","需整改")) | I9: =IF(H9="需整改","回到项目总控台账第"&J9&"行补齐或修正","无需处理") | J9: 8
A10: 项目总控台账 | B10: =项目总控台账!A9 | C10: =IF(AND(项目总控台账!E9<>"",项目总控台账!E9<>"/"),项目总控台账!E9,IF(AND(项目总控台账!D9<>"",项目总控台账!D9<>"/"),项目总控台账!D9,项目总控台账!C9)) | D10: =项目总控台账!H9 | E10: =项目总控台账!I9 | F10: =项目总控台账!J9 | G10: =IF(B10="","",IF(OR(C10="",C10="/"),"缺少任务名称；","")&IF(OR(D10="",D10="/"),"缺少有效主责人；","")&IF(OR(E10="",E10<DATE(2000,1,1)),"缺少有效计划开始；","")&IF(OR(F10="",F10<DATE(2000,1,1)),"缺少有效计划完成；","")&IF(项目总控台账!G9="","缺少总体状态；","")&IF(AND(ISNUMBER(E10),ISNUMBER(F10),E10>=DATE(2000,1,1),F10>=DATE(2000,1,1),E10>F10),"开始晚于完成；","")&IF(AND(项目总控台账!G9="已完成",项目总控台账!AB9<1),"已完成但进度不足100%；","")) | H10: =IF(B10="","",IF(G10="","通过","需整改")) | I10: =IF(H10="需整改","回到项目总控台账第"&J10&"行补齐或修正","无需处理") | J10: 9
A11: 项目总控台账 | B11: =项目总控台账!A10 | C11: =IF(AND(项目总控台账!E10<>"",项目总控台账!E10<>"/"),项目总控台账!E10,IF(AND(项目总控台账!D10<>"",项目总控台账!D10<>"/"),项目总控台账!D10,项目总控台账!C10)) | D11: =项目总控台账!H10 | E11: =项目总控台账!I10 | F11: =项目总控台账!J10 | G11: =IF(B11="","",IF(OR(C11="",C11="/"),"缺少任务名称；","")&IF(OR(D11="",D11="/"),"缺少有效主责人；","")&IF(OR(E11="",E11<DATE(2000,1,1)),"缺少有效计划开始；","")&IF(OR(F11="",F11<DATE(2000,1,1)),"缺少有效计划完成；","")&IF(项目总控台账!G10="","缺少总体状态；","")&IF(AND(ISNUMBER(E11),ISNUMBER(F11),E11>=DATE(2000,1,1),F11>=DATE(2000,1,1),E11>F11),"开始晚于完成；","")&IF(AND(项目总控台账!G10="已完成",项目总控台账!AB10<1),"已完成但进度不足100%；","")) | H11: =IF(B11="","",IF(G11="","通过","需整改")) | I11: =IF(H11="需整改","回到项目总控台账第"&J11&"行补齐或修正","无需处理") | J11: 10
A12: 项目总控台账 | B12: =项目总控台账!A11 | C12: =IF(AND(项目总控台账!E11<>"",项目总控台账!E11<>"/"),项目总控台账!E11,IF(AND(项目总控台账!D11<>"",项目总控台账!D11<>"/"),项目总控台账!D11,项目总控台账!C11)) | D12: =项目总控台账!H11 | E12: =项目总控台账!I11 | F12: =项目总控台账!J11 | G12: =IF(B12="","",IF(OR(C12="",C12="/"),"缺少任务名称；","")&IF(OR(D12="",D12="/"),"缺少有效主责人；","")&IF(OR(E12="",E12<DATE(2000,1,1)),"缺少有效计划开始；","")&IF(OR(F12="",F12<DATE(2000,1,1)),"缺少有效计划完成；","")&IF(项目总控台账!G11="","缺少总体状态；","")&IF(AND(ISNUMBER(E12),ISNUMBER(F12),E12>=DATE(2000,1,1),F12>=DATE(2000,1,1),E12>F12),"开始晚于完成；","")&IF(AND(项目总控台账!G11="已完成",项目总控台账!AB11<1),"已完成但进度不足100%；","")) | H12: =IF(B12="","",IF(G12="","通过","需整改")) | I12: =IF(H12="需整改","回到项目总控台账第"&J12&"行补齐或修正","无需处理") | J12: 11
A13: 项目总控台账 | B13: =项目总控台账!A12 | C13: =IF(AND(项目总控台账!E12<>"",项目总控台账!E12<>"/"),项目总控台账!E12,IF(AND(项目总控台账!D12<>"",项目总控台账!D12<>"/"),项目总控台账!D12,项目总控台账!C12)) | D13: =项目总控台账!H12 | E13: =项目总控台账!I12 | F13: =项目总控台账!J12 | G13: =IF(B13="","",IF(OR(C13="",C13="/"),"缺少任务名称；","")&IF(OR(D13="",D13="/"),"缺少有效主责人；","")&IF(OR(E13="",E13<DATE(2000,1,1)),"缺少有效计划开始；","")&IF(OR(F13="",F13<DATE(2000,1,1)),"缺少有效计划完成；","")&IF(项目总控台账!G12="","缺少总体状态；","")&IF(AND(ISNUMBER(E13),ISNUMBER(F13),E13>=DATE(2000,1,1),F13>=DATE(2000,1,1),E13>F13),"开始晚于完成；","")&IF(AND(项目总控台账!G12="已完成",项目总控台账!AB12<1),"已完成但进度不足100%；","")) | H13: =IF(B13="","",IF(G13="","通过","需整改")) | I13: =IF(H13="需整改","回到项目总控台账第"&J13&"行补齐或修正","无需处理") | J13: 12
A14: 项目总控台账 | B14: =项目总控台账!A13 | C14: =IF(AND(项目总控台账!E13<>"",项目总控台账!E13<>"/"),项目总控台账!E13,IF(AND(项目总控台账!D13<>"",项目总控台账!D13<>"/"),项目总控台账!D13,项目总控台账!C13)) | D14: =项目总控台账!H13 | E14: =项目总控台账!I13 | F14: =项目总控台账!J13 | G14: =IF(B14="","",IF(OR(C14="",C14="/"),"缺少任务名称；","")&IF(OR(D14="",D14="/"),"缺少有效主责人；","")&IF(OR(E14="",E14<DATE(2000,1,1)),"缺少有效计划开始；","")&IF(OR(F14="",F14<DATE(2000,1,1)),"缺少有效计划完成；","")&IF(项目总控台账!G13="","缺少总体状态；","")&IF(AND(ISNUMBER(E14),ISNUMBER(F14),E14>=DATE(2000,1,1),F14>=DATE(2000,1,1),E14>F14),"开始晚于完成；","")&IF(AND(项目总控台账!G13="已完成",项目总控台账!AB13<1),"已完成但进度不足100%；","")) | H14: =IF(B14="","",IF(G14="","通过","需整改")) | I14: =IF(H14="需整改","回到项目总控台账第"&J14&"行补齐或修正","无需处理") | J14: 13
A15: 项目总控台账 | B15: =项目总控台账!A14 | C15: =IF(AND(项目总控台账!E14<>"",项目总控台账!E14<>"/"),项目总控台账!E14,IF(AND(项目总控台账!D14<>"",项目总控台账!D14<>"/"),项目总控台账!D14,项目总控台账!C14)) | D15: =项目总控台账!H14 | E15: =项目总控台账!I14 | F15: =项目总控台账!J14 | G15: =IF(B15="","",IF(OR(C15="",C15="/"),"缺少任务名称；","")&IF(OR(D15="",D15="/"),"缺少有效主责人；","")&IF(OR(E15="",E15<DATE(2000,1,1)),"缺少有效计划开始；","")&IF(OR(F15="",F15<DATE(2000,1,1)),"缺少有效计划完成；","")&IF(项目总控台账!G14="","缺少总体状态；","")&IF(AND(ISNUMBER(E15),ISNUMBER(F15),E15>=DATE(2000,1,1),F15>=DATE(2000,1,1),E15>F15),"开始晚于完成；","")&IF(AND(项目总控台账!G14="已完成",项目总控台账!AB14<1),"已完成但进度不足100%；","")) | H15: =IF(B15="","",IF(G15="","通过","需整改")) | I15: =IF(H15="需整改","回到项目总控台账第"&J15&"行补齐或修正","无需处理") | J15: 14
A16: 项目总控台账 | B16: =项目总控台账!A15 | C16: =IF(AND(项目总控台账!E15<>"",项目总控台账!E15<>"/"),项目总控台账!E15,IF(AND(项目总控台账!D15<>"",项目总控台账!D15<>"/"),项目总控台账!D15,项目总控台账!C15)) | D16: =项目总控台账!H15 | E16: =项目总控台账!I15 | F16: =项目总控台账!J15 | G16: =IF(B16="","",IF(OR(C16="",C16="/"),"缺少任务名称；","")&IF(OR(D16="",D16="/"),"缺少有效主责人；","")&IF(OR(E16="",E16<DATE(2000,1,1)),"缺少有效计划开始；","")&IF(OR(F16="",F16<DATE(2000,1,1)),"缺少有效计划完成；","")&IF(项目总控台账!G15="","缺少总体状态；","")&IF(AND(ISNUMBER(E16),ISNUMBER(F16),E16>=DATE(2000,1,1),F16>=DATE(2000,1,1),E16>F16),"开始晚于完成；","")&IF(AND(项目总控台账!G15="已完成",项目总控台账!AB15<1),"已完成但进度不足100%；","")) | H16: =IF(B16="","",IF(G16="","通过","需整改")) | I16: =IF(H16="需整改","回到项目总控台账第"&J16&"行补齐或修正","无需处理") | J16: 15
... A149: 项目总控台账 | B149: =项目总控台账!A148 | C149: =IF(AND(项目总控台账!E148<>"",项目总控台账!E148<>"/"),项目总控台账!E148,IF(AND(项目总控台账!D148<>"",项目总控台账!D148<>"/"),项目总控台账!D148,项目总控台账!C148)) | D149: =项目总控台账!H148 | E149: =项目总控台账!I148 | F149: =项目总控台账!J148 | G149: =IF(B149="","",IF(OR(C149="",C149="/"),"缺少任务名称；","")&IF(OR(D149="",D149="/"),"缺少有效主责人；","")&IF(OR(E149="",E149<DATE(2000,1,1)),"缺少有效计划开始；","")&IF(OR(F149="",F149<DATE(2000,1,1)),"缺少有效计划完成；","")&IF(项目总控台账!G148="","缺少总体状态；","")&IF(AND(ISNUMBER(E149),ISNUMBER(F149),E149>=DATE(2000,1,1),F149>=DATE(2000,1,1),E149>F149),"开始晚于完成；","")&IF(AND(项目总控台账!G148="已完成",项目总控台账!AB148<1),"已完成但进度不足100%；","")) | H149: =IF(B149="","",IF(G149="","通过","需整改")) | I149: =IF(H149="需整改","回到项目总控台账第"&J149&"行补齐或修正","无需处理") | J149: 148

Sheet 两周督办
A1: 两周督办
A2: 自动识别未来14天到期及已经逾期的未完成任务。使用“是否纳入”筛选出需要督办的记录。
A4: 是否纳入 | B4: 任务ID | C4: 任务名称 | D4: 批次 | E4: 总体状态 | F4: 主责人 | G4: 计划完成 | H4: 距截止天数 | I4: 延期状态 | J4: 当前问题/阻塞 | K4: 建议动作 | L4: 承诺完成 | M4: 完成证据
A5: =IF(B5="","",IF(AND(E5<>"已完成",ISNUMBER(G5),G5<=项目驾驶舱!$B$3+14),"是","否")) | B5: =项目总控台账!A4 | C5: =IF(AND(项目总控台账!E4<>"",项目总控台账!E4<>"/"),项目总控台账!E4,IF(AND(项目总控台账!D4<>"",项目总控台账!D4<>"/"),项目总控台账!D4,项目总控台账!C4)) | D5: =项目总控台账!F4 | E5: =项目总控台账!G4 | F5: =项目总控台账!H4 | G5: =项目总控台账!J4 | H5: =IF(G5="","",G5-项目驾驶舱!$B$3) | I5: =项目总控台账!AC4 | J5: =项目总控台账!AD4 | K5: =IF(A5<>"是","",IF(OR(E5="暂停",E5="挂起"),"确认暂停原因、恢复条件和责任人",IF(H5<0,"立即确认延期原因、影响及补救计划",IF(H5<=7,"本周确认交付承诺和完成证据","提前检查依赖与风险"))))
A6: =IF(B6="","",IF(AND(E6<>"已完成",ISNUMBER(G6),G6<=项目驾驶舱!$B$3+14),"是","否")) | B6: =项目总控台账!A5 | C6: =IF(AND(项目总控台账!E5<>"",项目总控台账!E5<>"/"),项目总控台账!E5,IF(AND(项目总控台账!D5<>"",项目总控台账!D5<>"/"),项目总控台账!D5,项目总控台账!C5)) | D6: =项目总控台账!F5 | E6: =项目总控台账!G5 | F6: =项目总控台账!H5 | G6: =项目总控台账!J5 | H6: =IF(G6="","",G6-项目驾驶舱!$B$3) | I6: =项目总控台账!AC5 | J6: =项目总控台账!AD5 | K6: =IF(A6<>"是","",IF(OR(E6="暂停",E6="挂起"),"确认暂停原因、恢复条件和责任人",IF(H6<0,"立即确认延期原因、影响及补救计划",IF(H6<=7,"本周确认交付承诺和完成证据","提前检查依赖与风险"))))
A7: =IF(B7="","",IF(AND(E7<>"已完成",ISNUMBER(G7),G7<=项目驾驶舱!$B$3+14),"是","否")) | B7: =项目总控台账!A6 | C7: =IF(AND(项目总控台账!E6<>"",项目总控台账!E6<>"/"),项目总控台账!E6,IF(AND(项目总控台账!D6<>"",项目总控台账!D6<>"/"),项目总控台账!D6,项目总控台账!C6)) | D7: =项目总控台账!F6 | E7: =项目总控台账!G6 | F7: =项目总控台账!H6 | G7: =项目总控台账!J6 | H7: =IF(G7="","",G7-项目驾驶舱!$B$3) | I7: =项目总控台账!AC6 | J7: =项目总控台账!AD6 | K7: =IF(A7<>"是","",IF(OR(E7="暂停",E7="挂起"),"确认暂停原因、恢复条件和责任人",IF(H7<0,"立即确认延期原因、影响及补救计划",IF(H7<=7,"本周确认交付承诺和完成证据","提前检查依赖与风险"))))
A8: =IF(B8="","",IF(AND(E8<>"已完成",ISNUMBER(G8),G8<=项目驾驶舱!$B$3+14),"是","否")) | B8: =项目总控台账!A7 | C8: =IF(AND(项目总控台账!E7<>"",项目总控台账!E7<>"/"),项目总控台账!E7,IF(AND(项目总控台账!D7<>"",项目总控台账!D7<>"/"),项目总控台账!D7,项目总控台账!C7)) | D8: =项目总控台账!F7 | E8: =项目总控台账!G7 | F8: =项目总控台账!H7 | G8: =项目总控台账!J7 | H8: =IF(G8="","",G8-项目驾驶舱!$B$3) | I8: =项目总控台账!AC7 | J8: =项目总控台账!AD7 | K8: =IF(A8<>"是","",IF(OR(E8="暂停",E8="挂起"),"确认暂停原因、恢复条件和责任人",IF(H8<0,"立即确认延期原因、影响及补救计划",IF(H8<=7,"本周确认交付承诺和完成证据","提前检查依赖与风险"))))
A9: =IF(B9="","",IF(AND(E9<>"已完成",ISNUMBER(G9),G9<=项目驾驶舱!$B$3+14),"是","否")) | B9: =项目总控台账!A8 | C9: =IF(AND(项目总控台账!E8<>"",项目总控台账!E8<>"/"),项目总控台账!E8,IF(AND(项目总控台账!D8<>"",项目总控台账!D8<>"/"),项目总控台账!D8,项目总控台账!C8)) | D9: =项目总控台账!F8 | E9: =项目总控台账!G8 | F9: =项目总控台账!H8 | G9: =项目总控台账!J8 | H9: =IF(G9="","",G9-项目驾驶舱!$B$3) | I9: =项目总控台账!AC8 | J9: =项目总控台账!AD8 | K9: =IF(A9<>"是","",IF(OR(E9="暂停",E9="挂起"),"确认暂停原因、恢复条件和责任人",IF(H9<0,"立即确认延期原因、影响及补救计划",IF(H9<=7,"本周确认交付承诺和完成证据","提前检查依赖与风险"))))
A10: =IF(B10="","",IF(AND(E10<>"已完成",ISNUMBER(G10),G10<=项目驾驶舱!$B$3+14),"是","否")) | B10: =项目总控台账!A9 | C10: =IF(AND(项目总控台账!E9<>"",项目总控台账!E9<>"/"),项目总控台账!E9,IF(AND(项目总控台账!D9<>"",项目总控台账!D9<>"/"),项目总控台账!D9,项目总控台账!C9)) | D10: =项目总控台账!F9 | E10: =项目总控台账!G9 | F10: =项目总控台账!H9 | G10: =项目总控台账!J9 | H10: =IF(G10="","",G10-项目驾驶舱!$B$3) | I10: =项目总控台账!AC9 | J10: =项目总控台账!AD9 | K10: =IF(A10<>"是","",IF(OR(E10="暂停",E10="挂起"),"确认暂停原因、恢复条件和责任人",IF(H10<0,"立即确认延期原因、影响及补救计划",IF(H10<=7,"本周确认交付承诺和完成证据","提前检查依赖与风险"))))
A11: =IF(B11="","",IF(AND(E11<>"已完成",ISNUMBER(G11),G11<=项目驾驶舱!$B$3+14),"是","否")) | B11: =项目总控台账!A10 | C11: =IF(AND(项目总控台账!E10<>"",项目总控台账!E10<>"/"),项目总控台账!E10,IF(AND(项目总控台账!D10<>"",项目总控台账!D10<>"/"),项目总控台账!D10,项目总控台账!C10)) | D11: =项目总控台账!F10 | E11: =项目总控台账!G10 | F11: =项目总控台账!H10 | G11: =项目总控台账!J10 | H11: =IF(G11="","",G11-项目驾驶舱!$B$3) | I11: =项目总控台账!AC10 | J11: =项目总控台账!AD10 | K11: =IF(A11<>"是","",IF(OR(E11="暂停",E11="挂起"),"确认暂停原因、恢复条件和责任人",IF(H11<0,"立即确认延期原因、影响及补救计划",IF(H11<=7,"本周确认交付承诺和完成证据","提前检查依赖与风险"))))
A12: =IF(B12="","",IF(AND(E12<>"已完成",ISNUMBER(G12),G12<=项目驾驶舱!$B$3+14),"是","否")) | B12: =项目总控台账!A11 | C12: =IF(AND(项目总控台账!E11<>"",项目总控台账!E11<>"/"),项目总控台账!E11,IF(AND(项目总控台账!D11<>"",项目总控台账!D11<>"/"),项目总控台账!D11,项目总控台账!C11)) | D12: =项目总控台账!F11 | E12: =项目总控台账!G11 | F12: =项目总控台账!H11 | G12: =项目总控台账!J11 | H12: =IF(G12="","",G12-项目驾驶舱!$B$3) | I12: =项目总控台账!AC11 | J12: =项目总控台账!AD11 | K12: =IF(A12<>"是","",IF(OR(E12="暂停",E12="挂起"),"确认暂停原因、恢复条件和责任人",IF(H12<0,"立即确认延期原因、影响及补救计划",IF(H12<=7,"本周确认交付承诺和完成证据","提前检查依赖与风险"))))
A13: =IF(B13="","",IF(AND(E13<>"已完成",ISNUMBER(G13),G13<=项目驾驶舱!$B$3+14),"是","否")) | B13: =项目总控台账!A12 | C13: =IF(AND(项目总控台账!E12<>"",项目总控台账!E12<>"/"),项目总控台账!E12,IF(AND(项目总控台账!D12<>"",项目总控台账!D12<>"/"),项目总控台账!D12,项目总控台账!C12)) | D13: =项目总控台账!F12 | E13: =项目总控台账!G12 | F13: =项目总控台账!H12 | G13: =项目总控台账!J12 | H13: =IF(G13="","",G13-项目驾驶舱!$B$3) | I13: =项目总控台账!AC12 | J13: =项目总控台账!AD12 | K13: =IF(A13<>"是","",IF(OR(E13="暂停",E13="挂起"),"确认暂停原因、恢复条件和责任人",IF(H13<0,"立即确认延期原因、影响及补救计划",IF(H13<=7,"本周确认交付承诺和完成证据","提前检查依赖与风险"))))
A14: =IF(B14="","",IF(AND(E14<>"已完成",ISNUMBER(G14),G14<=项目驾驶舱!$B$3+14),"是","否")) | B14: =项目总控台账!A13 | C14: =IF(AND(项目总控台账!E13<>"",项目总控台账!E13<>"/"),项目总控台账!E13,IF(AND(项目总控台账!D13<>"",项目总控台账!D13<>"/"),项目总控台账!D13,项目总控台账!C13)) | D14: =项目总控台账!F13 | E14: =项目总控台账!G13 | F14: =项目总控台账!H13 | G14: =项目总控台账!J13 | H14: =IF(G14="","",G14-项目驾驶舱!$B$3) | I14: =项目总控台账!AC13 | J14: =项目总控台账!AD13 | K14: =IF(A14<>"是","",IF(OR(E14="暂停",E14="挂起"),"确认暂停原因、恢复条件和责任人",IF(H14<0,"立即确认延期原因、影响及补救计划",IF(H14<=7,"本周确认交付承诺和完成证据","提前检查依赖与风险"))))
A15: =IF(B15="","",IF(AND(E15<>"已完成",ISNUMBER(G15),G15<=项目驾驶舱!$B$3+14),"是","否")) | B15: =项目总控台账!A14 | C15: =IF(AND(项目总控台账!E14<>"",项目总控台账!E14<>"/"),项目总控台账!E14,IF(AND(项目总控台账!D14<>"",项目总控台账!D14<>"/"),项目总控台账!D14,项目总控台账!C14)) | D15: =项目总控台账!F14 | E15: =项目总控台账!G14 | F15: =项目总控台账!H14 | G15: =项目总控台账!J14 | H15: =IF(G15="","",G15-项目驾驶舱!$B$3) | I15: =项目总控台账!AC14 | J15: =项目总控台账!AD14 | K15: =IF(A15<>"是","",IF(OR(E15="暂停",E15="挂起"),"确认暂停原因、恢复条件和责任人",IF(H15<0,"立即确认延期原因、影响及补救计划",IF(H15<=7,"本周确认交付承诺和完成证据","提前检查依赖与风险"))))
A16: =IF(B16="","",IF(AND(E16<>"已完成",ISNUMBER(G16),G16<=项目驾驶舱!$B$3+14),"是","否")) | B16: =项目总控台账!A15 | C16: =IF(AND(项目总控台账!E15<>"",项目总控台账!E15<>"/"),项目总控台账!E15,IF(AND(项目总控台账!D15<>"",项目总控台账!D15<>"/"),项目总控台账!D15,项目总控台账!C15)) | D16: =项目总控台账!F15 | E16: =项目总控台账!G15 | F16: =项目总控台账!H15 | G16: =项目总控台账!J15 | H16: =IF(G16="","",G16-项目驾驶舱!$B$3) | I16: =项目总控台账!AC15 | J16: =项目总控台账!AD15 | K16: =IF(A16<>"是","",IF(OR(E16="暂停",E16="挂起"),"确认暂停原因、恢复条件和责任人",IF(H16<0,"立即确认延期原因、影响及补救计划",IF(H16<=7,"本周确认交付承诺和完成证据","提前检查依赖与风险"))))
... A149: =IF(B149="","",IF(AND(E149<>"已完成",ISNUMBER(G149),G149<=项目驾驶舱!$B$3+14),"是","否")) | B149: =项目总控台账!A148 | C149: =IF(AND(项目总控台账!E148<>"",项目总控台账!E148<>"/"),项目总控台账!E148,IF(AND(项目总控台账!D148<>"",项目总控台账!D148<>"/"),项目总控台账!D148,项目总控台账!C148)) | D149: =项目总控台账!F148 | E149: =项目总控台账!G148 | F149: =项目总控台账!H148 | G149: =项目总控台账!J148 | H149: =IF(G149="","",G149-项目驾驶舱!$B$3) | I149: =项目总控台账!AC148 | J149: =项目总控台账!AD148 | K149: =IF(A149<>"是","",IF(OR(E149="暂停",E149="挂起"),"确认暂停原因、恢复条件和责任人",IF(H149<0,"立即确认延期原因、影响及补救计划",IF(H149<=7,"本周确认交付承诺和完成证据","提前检查依赖与风险"))))

Sheet PMO周报
A1: PMO周报
A2: 面向项目领导的周报底稿。指标自动计算，黄色区域由项目经理审核后填写。
A4: 报告日期 | B4: =项目驾驶舱!B3
A5: 项目状态 | B5: =AI项目诊断!E4
A6: 状态说明 | B6: =AI项目诊断!H4
A8: 一、本周总体判断
A9: 说明项目整体状态、与上周相比的变化以及最大失控点。
A12: 二、本周完成事项
A13: 列出已经完成且有证据的关键事项，不写日常过程。
A17: 三、未来两周重点
A18: 从“两周督办”筛选“是否纳入=是”，确认责任人和承诺日期。
A22: 四、主要风险与问题
A23: 优先说明高等级、已逾期、影响里程碑的风险与问题。
A27: 五、待决策与需协调事项
A28: 从“待决策事项”提取仍未决策且已接近需要日期的事项。
A32: 自动指标
A33: 指标 | B33: 本期值 | C33: 管理含义
A34: 任务完成率 | B34: =IFERROR(COUNTIF(项目总控台账!$G$4:$G$148,"已完成")/COUNTIF(项目总控台账!$A$4:$A$148,"<>"),0) | C34: 观察总体交付进展
A35: 逾期任务数 | B35: =COUNTIF(项目总控台账!$AC$4:$AC$148,"*延期*") | C35: 检查关键路径和补救计划
A36: 未关闭高风险 | B36: =COUNTIFS(风险问题台账!$D$4:$D$102,"高",风险问题台账!$K$4:$K$102,"<>已关闭") | C36: 确认应对措施和升级需求
A37: 逾期行动项 | B37: =COUNTIFS(会议行动项!$J$4:$J$102,">0",会议行动项!$H$4:$H$102,"<>已完成") | C37: 检查承诺兑现情况
A38: 待决策事项 | B38: =COUNTIFS(待决策事项!$C$5:$C$54,"<>",待决策事项!$I$5:$I$54,"<>已决策",待决策事项!$I$5:$I$54,"<>已关闭") | C38: 明确决策人和最迟日期
A39: 数据质量问题 | B39: =COUNTIF(数据质量检查!$H$5:$H$149,"需整改") | C39: 提高AI诊断可信度

Sheet AI运行日志
A1: AI运行日志
A2: 记录每次AI分析的输入范围、发现、建议、人工确认和处理结果，便于追踪与复盘。
A4: 运行ID | B4: 运行时间 | C4: 分析类型 | D4: 数据日期 | E4: 分析范围 | F4: 主要发现 | G4: 风险等级 | H4: AI建议 | I4: 人工结论 | J4: 处理人 | K4: 处理状态 | L4: 完成时间
A5: =IF(B5="","","AI-"&TEXT(ROW()-4,"0000"))
A6: =IF(B6="","","AI-"&TEXT(ROW()-4,"0000"))
A7: =IF(B7="","","AI-"&TEXT(ROW()-4,"0000"))
A8: =IF(B8="","","AI-"&TEXT(ROW()-4,"0000"))
A9: =IF(B9="","","AI-"&TEXT(ROW()-4,"0000"))
A10: =IF(B10="","","AI-"&TEXT(ROW()-4,"0000"))
A11: =IF(B11="","","AI-"&TEXT(ROW()-4,"0000"))
A12: =IF(B12="","","AI-"&TEXT(ROW()-4,"0000"))
A13: =IF(B13="","","AI-"&TEXT(ROW()-4,"0000"))
A14: =IF(B14="","","AI-"&TEXT(ROW()-4,"0000"))
A15: =IF(B15="","","AI-"&TEXT(ROW()-4,"0000"))
A16: =IF(B16="","","AI-"&TEXT(ROW()-4,"0000"))
... A104: =IF(B104="","","AI-"&TEXT(ROW()-4,"0000"))

Sheet _数据接口
A1: 字段 | B1: 值
A2: Project_ID | B2: ECM-2026
A3: 项目名称 | B3: 能源行业合同全生命周期管理系统
A4: 模块编码 | B4: 10
A5: 生成日期 | B5: 2026-09-16
A6: 中央数据库 | B6: ../90_项目数据中心/ai_pmo.db
