Workbook

Sheet 使用说明
A1: 项目 | B1: 能源行业合同全生命周期管理系统
A2: 用途 | B2: D-001 产品选型厂商报价对比，支撑 BUD-002—004 预算量化（最迟 2026-09-25）与 10-15 签约
A3: 填写人 | B3: 采购牵头，技术经理复核接口/实施费用口径
A4: 更新频率 | B4: 每收到一家报价即时登记；上会前锁定
A5: 版本日期 | B5: 2026-09-24
A6: 颜色约定 | B6: 浅蓝表头；黄色为人工输入区；红色=报价未取得
A7: 联动规则 | B7: 一次性合计=许可费+接口费+实施费；三年TCO=一次性合计+维保费×3；订阅模式把年度订阅费填入维保费列并备注；包汇总按"已取得"统计最低/平均 TCO
A8: 口径提醒 | B8: 报价须含许可模式、接口费用、实施与维保全口径；对应评分表候选编号（P-01—P-17）保持可追溯
A9: 边界说明 | B9: 本表为决策证据材料：报价真实性由采购与厂商书面报价单核验；预算基线批准属 D-003 权限，本表不替代审批
A10: 对照文件 | B10: D001-产品选型决策简报-20260924.md；POC评分表-20260924-V1.xlsx；G15-会前签认跟踪-20260924-V1.xlsx（SIG-01）

Sheet 报价对比
A1: 厂商报价对比表（D-001 上会材料，支撑 BUD-002—004 预算量化）
A2: 编制日期 2026-09-24｜预算量化最迟 2026-09-25｜签约目标 10-15｜一次性合计与三年 TCO 自动计算；订阅模式请把年度订阅费填入"维保费(万元/年)"并在备注注明
A4: 采购包 | B4: 候选编号 (对应评分表) | C4: 厂商及产品名称 | D4: 许可模式 | E4: 许可费 (万元) | F4: 接口/集成费 (万元) | G4: 实施费 (万元) | H4: 维保费 (万元/年) | I4: 一次性合计 (万元) | J4: 三年TCO (万元) | K4: 对应预算基线 | L4: 报价状态 | M4: 备注
A5: PKG-001 CA及电子签章 | B5: P-01 | C5: 华安信创·信诺CA及电子签章平台 | D5: 永久许可 | E5: 98 | F5: 32 | G5: 45 | H5: 18 | I5: =IF(COUNT(E5:G5)=0,"",ROUND(SUM(E5:G5),2)) -> 175 | J5: =IF(I5="","",IF(H5="","",ROUND(I5+H5*3,2))) -> 229 | K5: BUD-002 | L5: 已取得
A6: PKG-001 CA及电子签章 | B6: P-02 | C6: 云章科技·云签宝企业版 | D6: 订阅(年付) | F6: 28 | G6: 40 | H6: 52 | I6: =IF(COUNT(E6:G6)=0,"",ROUND(SUM(E6:G6),2)) -> 68 | J6: =IF(I6="","",IF(H6="","",ROUND(I6+H6*3,2))) -> 224 | K6: BUD-002 | L6: 已取得 | M6: 年度订阅费52万/年计入TCO
A7: PKG-001 CA及电子签章 | B7: P-03 | C7: 安御数科·御章签管一体化系统 | D7: 永久许可 | E7: 120 | F7: 38 | G7: 55 | H7: 22 | I7: =IF(COUNT(E7:G7)=0,"",ROUND(SUM(E7:G7),2)) -> 213 | J7: =IF(I7="","",IF(H7="","",ROUND(I7+H7*3,2))) -> 279 | K7: BUD-002 | L7: 已取得
A8: PKG-001 CA及电子签章 | B8: P-04 | C8: 契约云·契信签章云平台 | D8: 订阅(年付) | F8: 22 | G8: 35 | H8: 46 | I8: =IF(COUNT(E8:G8)=0,"",ROUND(SUM(E8:G8),2)) -> 57 | J8: =IF(I8="","",IF(H8="","",ROUND(I8+H8*3,2))) -> 195 | K8: BUD-002 | L8: 已取得 | M8: 年度订阅费46万/年计入TCO
A9: PKG-001 CA及电子签章 | B9: P-05 | C9: 中科签·安心签企业套件 | D9: 永久许可 | E9: 85 | F9: 25 | G9: 38 | H9: 15 | I9: =IF(COUNT(E9:G9)=0,"",ROUND(SUM(E9:G9),2)) -> 148 | J9: =IF(I9="","",IF(H9="","",ROUND(I9+H9*3,2))) -> 193 | K9: BUD-002 | L9: 已取得
A10: PKG-001 CA及电子签章 | B10: P-06 | C10: 金石信用·金印CA签章系统 | D10: 永久许可 | E10: 72 | F10: 20 | G10: 30 | H10: 12 | I10: =IF(COUNT(E10:G10)=0,"",ROUND(SUM(E10:G10),2)) -> 122 | J10: =IF(I10="","",IF(H10="","",ROUND(I10+H10*3,2))) -> 158 | K10: BUD-002 | L10: 需补充 | M10: 维保费口径待厂商书面确认
A11: PKG-001 CA及电子签章 | B11: P-07 | C11: 国网安迅·迅签平台 | D11: 按量计费 | I11: =IF(COUNT(E11:G11)=0,"",ROUND(SUM(E11:G11),2)) | J11: =IF(I11="","",IF(H11="","",ROUND(I11+H11*3,2))) | K11: BUD-002 | L11: 未取得 | M11: 按量单价函待厂商回复
A12: PKG-002 电子文档 | B12: P-08 | C12: 云档科技·云档文档中台 | D12: 永久许可 | E12: 76 | F12: 24 | G12: 42 | H12: 14 | I12: =IF(COUNT(E12:G12)=0,"",ROUND(SUM(E12:G12),2)) -> 142 | J12: =IF(I12="","",IF(H12="","",ROUND(I12+H12*3,2))) -> 184 | K12: BUD-003 | L12: 已取得
A13: PKG-002 电子文档 | B13: P-09 | C13: 智文数科·智文文档管理系统 | D13: 永久许可 | E13: 65 | F13: 20 | G13: 36 | H13: 12 | I13: =IF(COUNT(E13:G13)=0,"",ROUND(SUM(E13:G13),2)) -> 121 | J13: =IF(I13="","",IF(H13="","",ROUND(I13+H13*3,2))) -> 157 | K13: BUD-003 | L13: 已取得
A14: PKG-002 电子文档 | B14: P-10 | C14: 安存信息·安存文档云 | D14: 订阅(年付) | F14: 18 | G14: 30 | H14: 38 | I14: =IF(COUNT(E14:G14)=0,"",ROUND(SUM(E14:G14),2)) -> 48 | J14: =IF(I14="","",IF(H14="","",ROUND(I14+H14*3,2))) -> 162 | K14: BUD-003 | L14: 已取得 | M14: 年度订阅费38万/年计入TCO
A15: PKG-002 电子文档 | B15: P-11 | C15: 华档软件·华档ECM企业版 | D15: 永久许可 | E15: 88 | F15: 26 | G15: 45 | H15: 15 | I15: =IF(COUNT(E15:G15)=0,"",ROUND(SUM(E15:G15),2)) -> 159 | J15: =IF(I15="","",IF(H15="","",ROUND(I15+H15*3,2))) -> 204 | K15: BUD-003 | L15: 需补充 | M15: 接口费按最终接口清单重报
A16: PKG-002 电子文档 | B16: P-12 | C16: 易卷科技·易卷文档平台 | D16: 按量计费 | I16: =IF(COUNT(E16:G16)=0,"",ROUND(SUM(E16:G16),2)) | J16: =IF(I16="","",IF(H16="","",ROUND(I16+H16*3,2))) | K16: BUD-003 | L16: 未取得
A17: PKG-003 BI报表 | B17: P-13 | C17: 数视科技·数视BI企业版 | D17: 永久许可 | E17: 58 | F17: 22 | G17: 35 | H17: 12 | I17: =IF(COUNT(E17:G17)=0,"",ROUND(SUM(E17:G17),2)) -> 115 | J17: =IF(I17="","",IF(H17="","",ROUND(I17+H17*3,2))) -> 151 | K17: BUD-004 | L17: 已取得
A18: PKG-003 BI报表 | B18: P-14 | C18: 云图智能·云图BI云服务 | D18: 订阅(年付) | F18: 15 | G18: 25 | H18: 30 | I18: =IF(COUNT(E18:G18)=0,"",ROUND(SUM(E18:G18),2)) -> 40 | J18: =IF(I18="","",IF(H18="","",ROUND(I18+H18*3,2))) -> 130 | K18: BUD-004 | L18: 已取得 | M18: 年度订阅费30万/年计入TCO
A19: PKG-003 BI报表 | B19: P-15 | C19: 慧析数科·慧析报表平台 | D19: 永久许可 | E19: 66 | F19: 24 | G19: 38 | H19: 13 | I19: =IF(COUNT(E19:G19)=0,"",ROUND(SUM(E19:G19),2)) -> 128 | J19: =IF(I19="","",IF(H19="","",ROUND(I19+H19*3,2))) -> 167 | K19: BUD-004 | L19: 已取得
A20: PKG-003 BI报表 | B20: P-16 | C20: 迅报软件·迅报BI套件 | D20: 永久许可 | E20: 49 | F20: 18 | G20: 28 | H20: 10 | I20: =IF(COUNT(E20:G20)=0,"",ROUND(SUM(E20:G20),2)) -> 95 | J20: =IF(I20="","",IF(H20="","",ROUND(I20+H20*3,2))) -> 125 | K20: BUD-004 | L20: 已取得
A21: PKG-003 BI报表 | B21: P-17 | C21: 洞察云·洞察分析平台 | D21: 订阅(年付) | I21: =IF(COUNT(E21:G21)=0,"",ROUND(SUM(E21:G21),2)) | J21: =IF(I21="","",IF(H21="","",ROUND(I21+H21*3,2))) | K21: BUD-004 | L21: 需补充 | M21: 订阅价函已收（38万/年意向），实施与接口费待厂商正式报价
I22: =IF(COUNT(E22:G22)=0,"",ROUND(SUM(E22:G22),2)) | J22: =IF(I22="","",IF(H22="","",ROUND(I22+H22*3,2)))

Sheet 包汇总
A1: 采购包报价汇总（自动，只读）
A2: 仅统计"报价状态=已取得"的候选；取得报价前显示"—"。
A4: 采购包 | B4: 对应预算基线 | C4: 候选数 | D4: 已取得报价数 | E4: 最低三年TCO(万元) | F4: 平均三年TCO(万元) | G4: 预算基线状态 | H4: 最迟日期
A5: PKG-001 CA及电子签章 | B5: BUD-002 | C5: =COUNTIF(报价对比!$A$5:$A$22,A5) -> 7 | D5: =COUNTIFS(报价对比!$A$5:$A$22,A5,报价对比!$L$5:$L$22,"已取得") -> 5 | E5: =IF(D5=0,"—",ROUND(_xlfn.MINIFS(报价对比!$J$5:$J$22,报价对比!$A$5:$A$22,A5,报价对比!$L$5:$L$22,"已取得"),2)) -> 193 | F5: =IF(D5=0,"—",ROUND(AVERAGEIFS(报价对比!$J$5:$J$22,报价对比!$A$5:$A$22,A5,报价对比!$L$5:$L$22,"已取得"),2)) -> 224 | G5: 已量化 | H5: 2026-09-25
A6: PKG-002 电子文档 | B6: BUD-003 | C6: =COUNTIF(报价对比!$A$5:$A$22,A6) -> 5 | D6: =COUNTIFS(报价对比!$A$5:$A$22,A6,报价对比!$L$5:$L$22,"已取得") -> 3 | E6: =IF(D6=0,"—",ROUND(_xlfn.MINIFS(报价对比!$J$5:$J$22,报价对比!$A$5:$A$22,A6,报价对比!$L$5:$L$22,"已取得"),2)) -> 157 | F6: =IF(D6=0,"—",ROUND(AVERAGEIFS(报价对比!$J$5:$J$22,报价对比!$A$5:$A$22,A6,报价对比!$L$5:$L$22,"已取得"),2)) -> 167.67 | G6: 已量化 | H6: 2026-09-25
A7: PKG-003 BI报表 | B7: BUD-004 | C7: =COUNTIF(报价对比!$A$5:$A$22,A7) -> 5 | D7: =COUNTIFS(报价对比!$A$5:$A$22,A7,报价对比!$L$5:$L$22,"已取得") -> 4 | E7: =IF(D7=0,"—",ROUND(_xlfn.MINIFS(报价对比!$J$5:$J$22,报价对比!$A$5:$A$22,A7,报价对比!$L$5:$L$22,"已取得"),2)) -> 125 | F7: =IF(D7=0,"—",ROUND(AVERAGEIFS(报价对比!$J$5:$J$22,报价对比!$A$5:$A$22,A7,报价对比!$L$5:$L$22,"已取得"),2)) -> 143.25 | G7: 已量化 | H7: 2026-09-25
