Workbook

Sheet 风险管理计划
A1: 项目风险管理计划
A2: 定义风险分类、评分、升级、评审和责任规则；本项目同时管理威胁与机会。
A4: 项目名称 | B4: 华能交易中心港口交易平台 | F4: 风险管理负责人 | G4: 项目经理
A5: 项目阶段 | B5: 开发与集成测试 | F5: 重大风险批准人 | G5: 项目发起人/项目总监
A6: 统计日期 | B6: =项目驾驶舱!B3 | F6: 常规评审频率 | G6: 每周
A7: 重大风险评审 | B7: 触发后立即召集 | F7: 风险报告周期 | G7: 随PMO周报
A9: 角色与责任
A10: 角色 | B10: 核心责任 | C10: 输入 | D10: 输出 | E10: 升级权限
A11: 项目发起人 | B11: 批准重大风险策略和储备使用 | C11: 重大风险专项分析 | D11: 批准结论 | E11: 最终决策
A12: 项目经理 | B12: 组织识别、分析、应对、监控和升级 | C12: 项目信息 | D12: 风险报告 | E12: 高风险升级
A13: 风险责任人 | B13: 对风险结果及剩余风险负责 | C13: 评分和触发信号 | D13: 处置决策 | E13: 提请升级
A14: 应对责任人 | B14: 按期完成具体应对行动 | C14: 应对计划 | D14: 完成证据 | E14: 报告阻塞
A15: PMO | B15: 维护规则、检查逾期和生成报告 | C15: 各类台账 | D15: 重点风险清单 | E15: 治理升级
A17: 风险分类结构（RBS）
A18: 业务与需求 | C18: 范围与变更 | E18: 计划与进度 | G18: 资源与关键人员
A19: 技术与架构 | C19: 数据与迁移 | E19: 接口与外部依赖 | G19: 测试与质量
A20: 安全与合规 | C20: 部署与上线 | E20: 运维与服务 | G20: 采购与供应商
A21: 合同与成本 | C21: 相关方与决策 | E21: 外部环境 | G21: 机会类风险
A23: 概率与影响评分
A24: 等级 | B24: 概率参考 | C24: 影响描述 | D24: 分值 | E24: 风险等级 | F24: 管理要求
A25: 1 | B25: ≤10% | C25: 极低 | D25: 1–4 | E25: 低 | F25: 月度观察
A26: 2 | B26: 11%–30% | C26: 较低 | D26: 5–9 | E26: 中 | F26: 每两周检查
A27: 3 | B27: 31%–50% | C27: 中等 | D27: 10–16 | E27: 高 | F27: 每周检查
A28: 4 | B28: 51%–70% | C28: 较高 | D28: 17–25 | E28: 重大 | F28: 立即升级
A29: 5 | B29: ＞70% | C29: 极高 | D29: 影响=5 | E29: 重大 | F29: 可按单项重大处理

Sheet 风险登记册
A1: 项目风险登记册
A2: 用“原因—事件—影响”描述风险；区分固有风险与应对后剩余风险。黄色为人工输入。
A4: 风险总数 | D4: 重大风险 | G4: 高风险 | J4: 已发生 | M4: 应对逾期 | P4: 无责任人 | S4: 剩余暴露值
A5: =COUNTIFS($B$9:$B$108,"<>") | D5: =COUNTIFS($B$9:$B$108,"<>",$AH$9:$AH$108,"重大") | G5: =COUNTIFS($B$9:$B$108,"<>",$AH$9:$AH$108,"高") | J5: =COUNTIFS($B$9:$B$108,"<>",$AJ$9:$AJ$108,"是") | M5: =COUNTIFS($B$9:$B$108,"<>",$AB$9:$AB$108,"<"&项目驾驶舱!$B$3,$AB$9:$AB$108,"<>",$AC$9:$AC$108,"<>已关闭") | P5: =COUNTIFS($B$9:$B$108,"<>",$W$9:$W$108,"") | S5: =SUMIFS($AG$9:$AG$108,$B$9:$B$108,"<>")
A7: 风险明细
A8: 风险ID | B8: 风险名称 | C8: 类型 | D8: 风险类别 | E8: 项目阶段 | F8: 原因 | G8: 风险事件 | H8: 可能影响 | I8: 识别人 | J8: 识别日期 | K8: 信息来源 | L8: 概率 | M8: 进度影响 | N8: 成本影响 | O8: 范围影响 | P8: 质量影响 | Q8: 业务价值影响 | R8: 安全合规影响 | S8: 相关方影响 | T8: 综合影响 | U8: 固有风险分值 | V8: 固有风险等级 | W8: 风险责任人 | X8: 责任部门 | Y8: 应对策略 | Z8: 触发条件 | AA8: 预警指标 | AB8: 最迟应对日期 | AC8: 状态 | AD8: 应对完成率 | AE8: 剩余概率 | AF8: 剩余影响 | AG8: 剩余风险分值 | AH8: 剩余风险等级 | AI8: 趋势 | AJ8: 是否已发生 | AK8: 关联问题ID | AL8: 最近评审日期 | AM8: 下次评审日期 | AN8: 关闭日期 | AO8: 关闭证据 | AP8: 是否重点 | AQ8: 数据质量提示 | AR8: _key_order
A9: =IF(B9="","","RSK-"&TEXT(ROW()-8,"000")) | T9: =IF(B9="","",MAX(M9:S9)) | U9: =IF(OR(L9="",T9=""),"",L9*T9) | V9: =IF(U9="","",IF(OR(U9>=17,T9=5),"重大",IF(U9>=10,"高",IF(U9>=5,"中","低")))) | AG9: =IF(OR(AE9="",AF9=""),"",AE9*AF9) | AH9: =IF(AG9="","",IF(OR(AG9>=17,AF9=5),"重大",IF(AG9>=10,"高",IF(AG9>=5,"中","低")))) | AP9: =IF(B9="","",IF(OR(V9="重大",AH9="重大",AH9="高",AI9="上升",AJ9="是",AND(AB9<>"",AB9<项目驾驶舱!$B$3,AC9<>"已关闭")),"是","否")) | AQ9: =IF(B9="","",IF(W9="","缺风险责任人",IF(AND(OR(V9="重大",V9="高"),Y9=""),"高风险缺应对策略",IF(AND(AJ9="是",AK9=""),"已发生未关联问题",IF(AND(AC9="已关闭",AO9=""),"关闭缺证据",IF(AND(AM9<>"",AM9<项目驾驶舱!$B$3),"评审逾期","")))))) | AR9: =IF(AP9="是",COUNTIFS($AP$9:AP9,"是"),"")
A10: =IF(B10="","","RSK-"&TEXT(ROW()-8,"000")) | T10: =IF(B10="","",MAX(M10:S10)) | U10: =IF(OR(L10="",T10=""),"",L10*T10) | V10: =IF(U10="","",IF(OR(U10>=17,T10=5),"重大",IF(U10>=10,"高",IF(U10>=5,"中","低")))) | AG10: =IF(OR(AE10="",AF10=""),"",AE10*AF10) | AH10: =IF(AG10="","",IF(OR(AG10>=17,AF10=5),"重大",IF(AG10>=10,"高",IF(AG10>=5,"中","低")))) | AP10: =IF(B10="","",IF(OR(V10="重大",AH10="重大",AH10="高",AI10="上升",AJ10="是",AND(AB10<>"",AB10<项目驾驶舱!$B$3,AC10<>"已关闭")),"是","否")) | AQ10: =IF(B10="","",IF(W10="","缺风险责任人",IF(AND(OR(V10="重大",V10="高"),Y10=""),"高风险缺应对策略",IF(AND(AJ10="是",AK10=""),"已发生未关联问题",IF(AND(AC10="已关闭",AO10=""),"关闭缺证据",IF(AND(AM10<>"",AM10<项目驾驶舱!$B$3),"评审逾期","")))))) | AR10: =IF(AP10="是",COUNTIFS($AP$9:AP10,"是"),"")
A11: =IF(B11="","","RSK-"&TEXT(ROW()-8,"000")) | T11: =IF(B11="","",MAX(M11:S11)) | U11: =IF(OR(L11="",T11=""),"",L11*T11) | V11: =IF(U11="","",IF(OR(U11>=17,T11=5),"重大",IF(U11>=10,"高",IF(U11>=5,"中","低")))) | AG11: =IF(OR(AE11="",AF11=""),"",AE11*AF11) | AH11: =IF(AG11="","",IF(OR(AG11>=17,AF11=5),"重大",IF(AG11>=10,"高",IF(AG11>=5,"中","低")))) | AP11: =IF(B11="","",IF(OR(V11="重大",AH11="重大",AH11="高",AI11="上升",AJ11="是",AND(AB11<>"",AB11<项目驾驶舱!$B$3,AC11<>"已关闭")),"是","否")) | AQ11: =IF(B11="","",IF(W11="","缺风险责任人",IF(AND(OR(V11="重大",V11="高"),Y11=""),"高风险缺应对策略",IF(AND(AJ11="是",AK11=""),"已发生未关联问题",IF(AND(AC11="已关闭",AO11=""),"关闭缺证据",IF(AND(AM11<>"",AM11<项目驾驶舱!$B$3),"评审逾期","")))))) | AR11: =IF(AP11="是",COUNTIFS($AP$9:AP11,"是"),"")
A12: =IF(B12="","","RSK-"&TEXT(ROW()-8,"000")) | T12: =IF(B12="","",MAX(M12:S12)) | U12: =IF(OR(L12="",T12=""),"",L12*T12) | V12: =IF(U12="","",IF(OR(U12>=17,T12=5),"重大",IF(U12>=10,"高",IF(U12>=5,"中","低")))) | AG12: =IF(OR(AE12="",AF12=""),"",AE12*AF12) | AH12: =IF(AG12="","",IF(OR(AG12>=17,AF12=5),"重大",IF(AG12>=10,"高",IF(AG12>=5,"中","低")))) | AP12: =IF(B12="","",IF(OR(V12="重大",AH12="重大",AH12="高",AI12="上升",AJ12="是",AND(AB12<>"",AB12<项目驾驶舱!$B$3,AC12<>"已关闭")),"是","否")) | AQ12: =IF(B12="","",IF(W12="","缺风险责任人",IF(AND(OR(V12="重大",V12="高"),Y12=""),"高风险缺应对策略",IF(AND(AJ12="是",AK12=""),"已发生未关联问题",IF(AND(AC12="已关闭",AO12=""),"关闭缺证据",IF(AND(AM12<>"",AM12<项目驾驶舱!$B$3),"评审逾期","")))))) | AR12: =IF(AP12="是",COUNTIFS($AP$9:AP12,"是"),"")
A13: =IF(B13="","","RSK-"&TEXT(ROW()-8,"000")) | T13: =IF(B13="","",MAX(M13:S13)) | U13: =IF(OR(L13="",T13=""),"",L13*T13) | V13: =IF(U13="","",IF(OR(U13>=17,T13=5),"重大",IF(U13>=10,"高",IF(U13>=5,"中","低")))) | AG13: =IF(OR(AE13="",AF13=""),"",AE13*AF13) | AH13: =IF(AG13="","",IF(OR(AG13>=17,AF13=5),"重大",IF(AG13>=10,"高",IF(AG13>=5,"中","低")))) | AP13: =IF(B13="","",IF(OR(V13="重大",AH13="重大",AH13="高",AI13="上升",AJ13="是",AND(AB13<>"",AB13<项目驾驶舱!$B$3,AC13<>"已关闭")),"是","否")) | AQ13: =IF(B13="","",IF(W13="","缺风险责任人",IF(AND(OR(V13="重大",V13="高"),Y13=""),"高风险缺应对策略",IF(AND(AJ13="是",AK13=""),"已发生未关联问题",IF(AND(AC13="已关闭",AO13=""),"关闭缺证据",IF(AND(AM13<>"",AM13<项目驾驶舱!$B$3),"评审逾期","")))))) | AR13: =IF(AP13="是",COUNTIFS($AP$9:AP13,"是"),"")
A14: =IF(B14="","","RSK-"&TEXT(ROW()-8,"000")) | T14: =IF(B14="","",MAX(M14:S14)) | U14: =IF(OR(L14="",T14=""),"",L14*T14) | V14: =IF(U14="","",IF(OR(U14>=17,T14=5),"重大",IF(U14>=10,"高",IF(U14>=5,"中","低")))) | AG14: =IF(OR(AE14="",AF14=""),"",AE14*AF14) | AH14: =IF(AG14="","",IF(OR(AG14>=17,AF14=5),"重大",IF(AG14>=10,"高",IF(AG14>=5,"中","低")))) | AP14: =IF(B14="","",IF(OR(V14="重大",AH14="重大",AH14="高",AI14="上升",AJ14="是",AND(AB14<>"",AB14<项目驾驶舱!$B$3,AC14<>"已关闭")),"是","否")) | AQ14: =IF(B14="","",IF(W14="","缺风险责任人",IF(AND(OR(V14="重大",V14="高"),Y14=""),"高风险缺应对策略",IF(AND(AJ14="是",AK14=""),"已发生未关联问题",IF(AND(AC14="已关闭",AO14=""),"关闭缺证据",IF(AND(AM14<>"",AM14<项目驾驶舱!$B$3),"评审逾期","")))))) | AR14: =IF(AP14="是",COUNTIFS($AP$9:AP14,"是"),"")
A15: =IF(B15="","","RSK-"&TEXT(ROW()-8,"000")) | T15: =IF(B15="","",MAX(M15:S15)) | U15: =IF(OR(L15="",T15=""),"",L15*T15) | V15: =IF(U15="","",IF(OR(U15>=17,T15=5),"重大",IF(U15>=10,"高",IF(U15>=5,"中","低")))) | AG15: =IF(OR(AE15="",AF15=""),"",AE15*AF15) | AH15: =IF(AG15="","",IF(OR(AG15>=17,AF15=5),"重大",IF(AG15>=10,"高",IF(AG15>=5,"中","低")))) | AP15: =IF(B15="","",IF(OR(V15="重大",AH15="重大",AH15="高",AI15="上升",AJ15="是",AND(AB15<>"",AB15<项目驾驶舱!$B$3,AC15<>"已关闭")),"是","否")) | AQ15: =IF(B15="","",IF(W15="","缺风险责任人",IF(AND(OR(V15="重大",V15="高"),Y15=""),"高风险缺应对策略",IF(AND(AJ15="是",AK15=""),"已发生未关联问题",IF(AND(AC15="已关闭",AO15=""),"关闭缺证据",IF(AND(AM15<>"",AM15<项目驾驶舱!$B$3),"评审逾期","")))))) | AR15: =IF(AP15="是",COUNTIFS($AP$9:AP15,"是"),"")
A16: =IF(B16="","","RSK-"&TEXT(ROW()-8,"000")) | T16: =IF(B16="","",MAX(M16:S16)) | U16: =IF(OR(L16="",T16=""),"",L16*T16) | V16: =IF(U16="","",IF(OR(U16>=17,T16=5),"重大",IF(U16>=10,"高",IF(U16>=5,"中","低")))) | AG16: =IF(OR(AE16="",AF16=""),"",AE16*AF16) | AH16: =IF(AG16="","",IF(OR(AG16>=17,AF16=5),"重大",IF(AG16>=10,"高",IF(AG16>=5,"中","低")))) | AP16: =IF(B16="","",IF(OR(V16="重大",AH16="重大",AH16="高",AI16="上升",AJ16="是",AND(AB16<>"",AB16<项目驾驶舱!$B$3,AC16<>"已关闭")),"是","否")) | AQ16: =IF(B16="","",IF(W16="","缺风险责任人",IF(AND(OR(V16="重大",V16="高"),Y16=""),"高风险缺应对策略",IF(AND(AJ16="是",AK16=""),"已发生未关联问题",IF(AND(AC16="已关闭",AO16=""),"关闭缺证据",IF(AND(AM16<>"",AM16<项目驾驶舱!$B$3),"评审逾期","")))))) | AR16: =IF(AP16="是",COUNTIFS($AP$9:AP16,"是"),"")
A17: =IF(B17="","","RSK-"&TEXT(ROW()-8,"000")) | T17: =IF(B17="","",MAX(M17:S17)) | U17: =IF(OR(L17="",T17=""),"",L17*T17) | V17: =IF(U17="","",IF(OR(U17>=17,T17=5),"重大",IF(U17>=10,"高",IF(U17>=5,"中","低")))) | AG17: =IF(OR(AE17="",AF17=""),"",AE17*AF17) | AH17: =IF(AG17="","",IF(OR(AG17>=17,AF17=5),"重大",IF(AG17>=10,"高",IF(AG17>=5,"中","低")))) | AP17: =IF(B17="","",IF(OR(V17="重大",AH17="重大",AH17="高",AI17="上升",AJ17="是",AND(AB17<>"",AB17<项目驾驶舱!$B$3,AC17<>"已关闭")),"是","否")) | AQ17: =IF(B17="","",IF(W17="","缺风险责任人",IF(AND(OR(V17="重大",V17="高"),Y17=""),"高风险缺应对策略",IF(AND(AJ17="是",AK17=""),"已发生未关联问题",IF(AND(AC17="已关闭",AO17=""),"关闭缺证据",IF(AND(AM17<>"",AM17<项目驾驶舱!$B$3),"评审逾期","")))))) | AR17: =IF(AP17="是",COUNTIFS($AP$9:AP17,"是"),"")
A18: =IF(B18="","","RSK-"&TEXT(ROW()-8,"000")) | T18: =IF(B18="","",MAX(M18:S18)) | U18: =IF(OR(L18="",T18=""),"",L18*T18) | V18: =IF(U18="","",IF(OR(U18>=17,T18=5),"重大",IF(U18>=10,"高",IF(U18>=5,"中","低")))) | AG18: =IF(OR(AE18="",AF18=""),"",AE18*AF18) | AH18: =IF(AG18="","",IF(OR(AG18>=17,AF18=5),"重大",IF(AG18>=10,"高",IF(AG18>=5,"中","低")))) | AP18: =IF(B18="","",IF(OR(V18="重大",AH18="重大",AH18="高",AI18="上升",AJ18="是",AND(AB18<>"",AB18<项目驾驶舱!$B$3,AC18<>"已关闭")),"是","否")) | AQ18: =IF(B18="","",IF(W18="","缺风险责任人",IF(AND(OR(V18="重大",V18="高"),Y18=""),"高风险缺应对策略",IF(AND(AJ18="是",AK18=""),"已发生未关联问题",IF(AND(AC18="已关闭",AO18=""),"关闭缺证据",IF(AND(AM18<>"",AM18<项目驾驶舱!$B$3),"评审逾期","")))))) | AR18: =IF(AP18="是",COUNTIFS($AP$9:AP18,"是"),"")
A19: =IF(B19="","","RSK-"&TEXT(ROW()-8,"000")) | T19: =IF(B19="","",MAX(M19:S19)) | U19: =IF(OR(L19="",T19=""),"",L19*T19) | V19: =IF(U19="","",IF(OR(U19>=17,T19=5),"重大",IF(U19>=10,"高",IF(U19>=5,"中","低")))) | AG19: =IF(OR(AE19="",AF19=""),"",AE19*AF19) | AH19: =IF(AG19="","",IF(OR(AG19>=17,AF19=5),"重大",IF(AG19>=10,"高",IF(AG19>=5,"中","低")))) | AP19: =IF(B19="","",IF(OR(V19="重大",AH19="重大",AH19="高",AI19="上升",AJ19="是",AND(AB19<>"",AB19<项目驾驶舱!$B$3,AC19<>"已关闭")),"是","否")) | AQ19: =IF(B19="","",IF(W19="","缺风险责任人",IF(AND(OR(V19="重大",V19="高"),Y19=""),"高风险缺应对策略",IF(AND(AJ19="是",AK19=""),"已发生未关联问题",IF(AND(AC19="已关闭",AO19=""),"关闭缺证据",IF(AND(AM19<>"",AM19<项目驾驶舱!$B$3),"评审逾期","")))))) | AR19: =IF(AP19="是",COUNTIFS($AP$9:AP19,"是"),"")
A20: =IF(B20="","","RSK-"&TEXT(ROW()-8,"000")) | T20: =IF(B20="","",MAX(M20:S20)) | U20: =IF(OR(L20="",T20=""),"",L20*T20) | V20: =IF(U20="","",IF(OR(U20>=17,T20=5),"重大",IF(U20>=10,"高",IF(U20>=5,"中","低")))) | AG20: =IF(OR(AE20="",AF20=""),"",AE20*AF20) | AH20: =IF(AG20="","",IF(OR(AG20>=17,AF20=5),"重大",IF(AG20>=10,"高",IF(AG20>=5,"中","低")))) | AP20: =IF(B20="","",IF(OR(V20="重大",AH20="重大",AH20="高",AI20="上升",AJ20="是",AND(AB20<>"",AB20<项目驾驶舱!$B$3,AC20<>"已关闭")),"是","否")) | AQ20: =IF(B20="","",IF(W20="","缺风险责任人",IF(AND(OR(V20="重大",V20="高"),Y20=""),"高风险缺应对策略",IF(AND(AJ20="是",AK20=""),"已发生未关联问题",IF(AND(AC20="已关闭",AO20=""),"关闭缺证据",IF(AND(AM20<>"",AM20<项目驾驶舱!$B$3),"评审逾期","")))))) | AR20: =IF(AP20="是",COUNTIFS($AP$9:AP20,"是"),"")
... A108: =IF(B108="","","RSK-"&TEXT(ROW()-8,"000")) | T108: =IF(B108="","",MAX(M108:S108)) | U108: =IF(OR(L108="",T108=""),"",L108*T108) | V108: =IF(U108="","",IF(OR(U108>=17,T108=5),"重大",IF(U108>=10,"高",IF(U108>=5,"中","低")))) | AG108: =IF(OR(AE108="",AF108=""),"",AE108*AF108) | AH108: =IF(AG108="","",IF(OR(AG108>=17,AF108=5),"重大",IF(AG108>=10,"高",IF(AG108>=5,"中","低")))) | AP108: =IF(B108="","",IF(OR(V108="重大",AH108="重大",AH108="高",AI108="上升",AJ108="是",AND(AB108<>"",AB108<项目驾驶舱!$B$3,AC108<>"已关闭")),"是","否")) | AQ108: =IF(B108="","",IF(W108="","缺风险责任人",IF(AND(OR(V108="重大",V108="高"),Y108=""),"高风险缺应对策略",IF(AND(AJ108="是",AK108=""),"已发生未关联问题",IF(AND(AC108="已关闭",AO108=""),"关闭缺证据",IF(AND(AM108<>"",AM108<项目驾驶舱!$B$3),"评审逾期","")))))) | AR108: =IF(AP108="是",COUNTIFS($AP$9:AP108,"是"),"")

Sheet 风险热力图
A1: 项目风险热力图
A2: 左侧展示固有风险，右侧展示应对后剩余风险；数字为对应概率和影响组合中的风险数量。
A4: 风险总数 | D4: 重大风险 | G4: 高风险 | J4: 应对逾期
A5: =COUNTIFS(风险登记册!$B$9:$B$108,"<>") | D5: =COUNTIFS(风险登记册!$AH$9:$AH$108,"重大") | G5: =COUNTIFS(风险登记册!$AH$9:$AH$108,"高") | J5: =COUNTIFS(风险登记册!$AB$9:$AB$108,"<"&项目驾驶舱!$B$3,风险登记册!$AB$9:$AB$108,"<>",风险登记册!$AC$9:$AC$108,"<>已关闭")
A8: 固有风险 | I8: 剩余风险
A9: 影响\概率 | B9: 1 | C9: 2 | D9: 3 | E9: 4 | F9: 5 | I9: 影响\概率 | J9: 1 | K9: 2 | L9: 3 | M9: 4 | N9: 5
A10: 5 | B10: =COUNTIFS(风险登记册!$L$9:$L$108,1,风险登记册!$T$9:$T$108,5,风险登记册!$B$9:$B$108,"<>") | C10: =COUNTIFS(风险登记册!$L$9:$L$108,2,风险登记册!$T$9:$T$108,5,风险登记册!$B$9:$B$108,"<>") | D10: =COUNTIFS(风险登记册!$L$9:$L$108,3,风险登记册!$T$9:$T$108,5,风险登记册!$B$9:$B$108,"<>") | E10: =COUNTIFS(风险登记册!$L$9:$L$108,4,风险登记册!$T$9:$T$108,5,风险登记册!$B$9:$B$108,"<>") | F10: =COUNTIFS(风险登记册!$L$9:$L$108,5,风险登记册!$T$9:$T$108,5,风险登记册!$B$9:$B$108,"<>") | I10: 5 | J10: =COUNTIFS(风险登记册!$AE$9:$AE$108,1,风险登记册!$AF$9:$AF$108,5,风险登记册!$B$9:$B$108,"<>") | K10: =COUNTIFS(风险登记册!$AE$9:$AE$108,2,风险登记册!$AF$9:$AF$108,5,风险登记册!$B$9:$B$108,"<>") | L10: =COUNTIFS(风险登记册!$AE$9:$AE$108,3,风险登记册!$AF$9:$AF$108,5,风险登记册!$B$9:$B$108,"<>") | M10: =COUNTIFS(风险登记册!$AE$9:$AE$108,4,风险登记册!$AF$9:$AF$108,5,风险登记册!$B$9:$B$108,"<>") | N10: =COUNTIFS(风险登记册!$AE$9:$AE$108,5,风险登记册!$AF$9:$AF$108,5,风险登记册!$B$9:$B$108,"<>")
A11: 4 | B11: =COUNTIFS(风险登记册!$L$9:$L$108,1,风险登记册!$T$9:$T$108,4,风险登记册!$B$9:$B$108,"<>") | C11: =COUNTIFS(风险登记册!$L$9:$L$108,2,风险登记册!$T$9:$T$108,4,风险登记册!$B$9:$B$108,"<>") | D11: =COUNTIFS(风险登记册!$L$9:$L$108,3,风险登记册!$T$9:$T$108,4,风险登记册!$B$9:$B$108,"<>") | E11: =COUNTIFS(风险登记册!$L$9:$L$108,4,风险登记册!$T$9:$T$108,4,风险登记册!$B$9:$B$108,"<>") | F11: =COUNTIFS(风险登记册!$L$9:$L$108,5,风险登记册!$T$9:$T$108,4,风险登记册!$B$9:$B$108,"<>") | I11: 4 | J11: =COUNTIFS(风险登记册!$AE$9:$AE$108,1,风险登记册!$AF$9:$AF$108,4,风险登记册!$B$9:$B$108,"<>") | K11: =COUNTIFS(风险登记册!$AE$9:$AE$108,2,风险登记册!$AF$9:$AF$108,4,风险登记册!$B$9:$B$108,"<>") | L11: =COUNTIFS(风险登记册!$AE$9:$AE$108,3,风险登记册!$AF$9:$AF$108,4,风险登记册!$B$9:$B$108,"<>") | M11: =COUNTIFS(风险登记册!$AE$9:$AE$108,4,风险登记册!$AF$9:$AF$108,4,风险登记册!$B$9:$B$108,"<>") | N11: =COUNTIFS(风险登记册!$AE$9:$AE$108,5,风险登记册!$AF$9:$AF$108,4,风险登记册!$B$9:$B$108,"<>")
A12: 3 | B12: =COUNTIFS(风险登记册!$L$9:$L$108,1,风险登记册!$T$9:$T$108,3,风险登记册!$B$9:$B$108,"<>") | C12: =COUNTIFS(风险登记册!$L$9:$L$108,2,风险登记册!$T$9:$T$108,3,风险登记册!$B$9:$B$108,"<>") | D12: =COUNTIFS(风险登记册!$L$9:$L$108,3,风险登记册!$T$9:$T$108,3,风险登记册!$B$9:$B$108,"<>") | E12: =COUNTIFS(风险登记册!$L$9:$L$108,4,风险登记册!$T$9:$T$108,3,风险登记册!$B$9:$B$108,"<>") | F12: =COUNTIFS(风险登记册!$L$9:$L$108,5,风险登记册!$T$9:$T$108,3,风险登记册!$B$9:$B$108,"<>") | I12: 3 | J12: =COUNTIFS(风险登记册!$AE$9:$AE$108,1,风险登记册!$AF$9:$AF$108,3,风险登记册!$B$9:$B$108,"<>") | K12: =COUNTIFS(风险登记册!$AE$9:$AE$108,2,风险登记册!$AF$9:$AF$108,3,风险登记册!$B$9:$B$108,"<>") | L12: =COUNTIFS(风险登记册!$AE$9:$AE$108,3,风险登记册!$AF$9:$AF$108,3,风险登记册!$B$9:$B$108,"<>") | M12: =COUNTIFS(风险登记册!$AE$9:$AE$108,4,风险登记册!$AF$9:$AF$108,3,风险登记册!$B$9:$B$108,"<>") | N12: =COUNTIFS(风险登记册!$AE$9:$AE$108,5,风险登记册!$AF$9:$AF$108,3,风险登记册!$B$9:$B$108,"<>")
A13: 2 | B13: =COUNTIFS(风险登记册!$L$9:$L$108,1,风险登记册!$T$9:$T$108,2,风险登记册!$B$9:$B$108,"<>") | C13: =COUNTIFS(风险登记册!$L$9:$L$108,2,风险登记册!$T$9:$T$108,2,风险登记册!$B$9:$B$108,"<>") | D13: =COUNTIFS(风险登记册!$L$9:$L$108,3,风险登记册!$T$9:$T$108,2,风险登记册!$B$9:$B$108,"<>") | E13: =COUNTIFS(风险登记册!$L$9:$L$108,4,风险登记册!$T$9:$T$108,2,风险登记册!$B$9:$B$108,"<>") | F13: =COUNTIFS(风险登记册!$L$9:$L$108,5,风险登记册!$T$9:$T$108,2,风险登记册!$B$9:$B$108,"<>") | I13: 2 | J13: =COUNTIFS(风险登记册!$AE$9:$AE$108,1,风险登记册!$AF$9:$AF$108,2,风险登记册!$B$9:$B$108,"<>") | K13: =COUNTIFS(风险登记册!$AE$9:$AE$108,2,风险登记册!$AF$9:$AF$108,2,风险登记册!$B$9:$B$108,"<>") | L13: =COUNTIFS(风险登记册!$AE$9:$AE$108,3,风险登记册!$AF$9:$AF$108,2,风险登记册!$B$9:$B$108,"<>") | M13: =COUNTIFS(风险登记册!$AE$9:$AE$108,4,风险登记册!$AF$9:$AF$108,2,风险登记册!$B$9:$B$108,"<>") | N13: =COUNTIFS(风险登记册!$AE$9:$AE$108,5,风险登记册!$AF$9:$AF$108,2,风险登记册!$B$9:$B$108,"<>")
A14: 1 | B14: =COUNTIFS(风险登记册!$L$9:$L$108,1,风险登记册!$T$9:$T$108,1,风险登记册!$B$9:$B$108,"<>") | C14: =COUNTIFS(风险登记册!$L$9:$L$108,2,风险登记册!$T$9:$T$108,1,风险登记册!$B$9:$B$108,"<>") | D14: =COUNTIFS(风险登记册!$L$9:$L$108,3,风险登记册!$T$9:$T$108,1,风险登记册!$B$9:$B$108,"<>") | E14: =COUNTIFS(风险登记册!$L$9:$L$108,4,风险登记册!$T$9:$T$108,1,风险登记册!$B$9:$B$108,"<>") | F14: =COUNTIFS(风险登记册!$L$9:$L$108,5,风险登记册!$T$9:$T$108,1,风险登记册!$B$9:$B$108,"<>") | I14: 1 | J14: =COUNTIFS(风险登记册!$AE$9:$AE$108,1,风险登记册!$AF$9:$AF$108,1,风险登记册!$B$9:$B$108,"<>") | K14: =COUNTIFS(风险登记册!$AE$9:$AE$108,2,风险登记册!$AF$9:$AF$108,1,风险登记册!$B$9:$B$108,"<>") | L14: =COUNTIFS(风险登记册!$AE$9:$AE$108,3,风险登记册!$AF$9:$AF$108,1,风险登记册!$B$9:$B$108,"<>") | M14: =COUNTIFS(风险登记册!$AE$9:$AE$108,4,风险登记册!$AF$9:$AF$108,1,风险登记册!$B$9:$B$108,"<>") | N14: =COUNTIFS(风险登记册!$AE$9:$AE$108,5,风险登记册!$AF$9:$AF$108,1,风险登记册!$B$9:$B$108,"<>")
A17: 等级说明
A18: 低（1–4）
A19: 中（5–9）
A20: 高（10–16）
A21: 重大（17–25或影响=5）

Sheet 重点风险清单
A1: 重点风险清单
A2: 自动纳入重大/高剩余风险、趋势上升、已发生或应对逾期的风险。
A4: 序号 | B4: 风险ID | C4: 风险名称 | D4: 类别 | E4: 类型 | F4: 剩余等级 | G4: 趋势 | H4: 触发条件 | I4: 当前状态 | J4: 风险责任人 | K4: 最迟应对日期 | L4: 下一步行动 | M4: 需要支持 | N4: 管理层结论 | O4: _source_index
A5: =IF(O5="","",ROWS($A$5:A5)) | B5: =IF($O5="","",INDEX(风险登记册!$A$9:$A$108,$O5)) | C5: =IF($O5="","",INDEX(风险登记册!$B$9:$B$108,$O5)) | D5: =IF($O5="","",INDEX(风险登记册!$D$9:$D$108,$O5)) | E5: =IF($O5="","",INDEX(风险登记册!$C$9:$C$108,$O5)) | F5: =IF($O5="","",INDEX(风险登记册!$AH$9:$AH$108,$O5)) | G5: =IF($O5="","",INDEX(风险登记册!$AI$9:$AI$108,$O5)) | H5: =IF($O5="","",INDEX(风险登记册!$Z$9:$Z$108,$O5)) | I5: =IF($O5="","",INDEX(风险登记册!$AC$9:$AC$108,$O5)) | J5: =IF($O5="","",INDEX(风险登记册!$W$9:$W$108,$O5)) | K5: =IF($O5="","",INDEX(风险登记册!$AB$9:$AB$108,$O5)) | L5: =IF($B5="","",IFERROR(INDEX(风险应对计划!$E$9:$E$108,MATCH($B5,风险应对计划!$B$9:$B$108,0)),"")) | O5: =IFERROR(MATCH(ROWS($A$5:A5),风险登记册!$AR$9:$AR$108,0),"")
A6: =IF(O6="","",ROWS($A$5:A6)) | B6: =IF($O6="","",INDEX(风险登记册!$A$9:$A$108,$O6)) | C6: =IF($O6="","",INDEX(风险登记册!$B$9:$B$108,$O6)) | D6: =IF($O6="","",INDEX(风险登记册!$D$9:$D$108,$O6)) | E6: =IF($O6="","",INDEX(风险登记册!$C$9:$C$108,$O6)) | F6: =IF($O6="","",INDEX(风险登记册!$AH$9:$AH$108,$O6)) | G6: =IF($O6="","",INDEX(风险登记册!$AI$9:$AI$108,$O6)) | H6: =IF($O6="","",INDEX(风险登记册!$Z$9:$Z$108,$O6)) | I6: =IF($O6="","",INDEX(风险登记册!$AC$9:$AC$108,$O6)) | J6: =IF($O6="","",INDEX(风险登记册!$W$9:$W$108,$O6)) | K6: =IF($O6="","",INDEX(风险登记册!$AB$9:$AB$108,$O6)) | L6: =IF($B6="","",IFERROR(INDEX(风险应对计划!$E$9:$E$108,MATCH($B6,风险应对计划!$B$9:$B$108,0)),"")) | O6: =IFERROR(MATCH(ROWS($A$5:A6),风险登记册!$AR$9:$AR$108,0),"")
A7: =IF(O7="","",ROWS($A$5:A7)) | B7: =IF($O7="","",INDEX(风险登记册!$A$9:$A$108,$O7)) | C7: =IF($O7="","",INDEX(风险登记册!$B$9:$B$108,$O7)) | D7: =IF($O7="","",INDEX(风险登记册!$D$9:$D$108,$O7)) | E7: =IF($O7="","",INDEX(风险登记册!$C$9:$C$108,$O7)) | F7: =IF($O7="","",INDEX(风险登记册!$AH$9:$AH$108,$O7)) | G7: =IF($O7="","",INDEX(风险登记册!$AI$9:$AI$108,$O7)) | H7: =IF($O7="","",INDEX(风险登记册!$Z$9:$Z$108,$O7)) | I7: =IF($O7="","",INDEX(风险登记册!$AC$9:$AC$108,$O7)) | J7: =IF($O7="","",INDEX(风险登记册!$W$9:$W$108,$O7)) | K7: =IF($O7="","",INDEX(风险登记册!$AB$9:$AB$108,$O7)) | L7: =IF($B7="","",IFERROR(INDEX(风险应对计划!$E$9:$E$108,MATCH($B7,风险应对计划!$B$9:$B$108,0)),"")) | O7: =IFERROR(MATCH(ROWS($A$5:A7),风险登记册!$AR$9:$AR$108,0),"")
A8: =IF(O8="","",ROWS($A$5:A8)) | B8: =IF($O8="","",INDEX(风险登记册!$A$9:$A$108,$O8)) | C8: =IF($O8="","",INDEX(风险登记册!$B$9:$B$108,$O8)) | D8: =IF($O8="","",INDEX(风险登记册!$D$9:$D$108,$O8)) | E8: =IF($O8="","",INDEX(风险登记册!$C$9:$C$108,$O8)) | F8: =IF($O8="","",INDEX(风险登记册!$AH$9:$AH$108,$O8)) | G8: =IF($O8="","",INDEX(风险登记册!$AI$9:$AI$108,$O8)) | H8: =IF($O8="","",INDEX(风险登记册!$Z$9:$Z$108,$O8)) | I8: =IF($O8="","",INDEX(风险登记册!$AC$9:$AC$108,$O8)) | J8: =IF($O8="","",INDEX(风险登记册!$W$9:$W$108,$O8)) | K8: =IF($O8="","",INDEX(风险登记册!$AB$9:$AB$108,$O8)) | L8: =IF($B8="","",IFERROR(INDEX(风险应对计划!$E$9:$E$108,MATCH($B8,风险应对计划!$B$9:$B$108,0)),"")) | O8: =IFERROR(MATCH(ROWS($A$5:A8),风险登记册!$AR$9:$AR$108,0),"")
A9: =IF(O9="","",ROWS($A$5:A9)) | B9: =IF($O9="","",INDEX(风险登记册!$A$9:$A$108,$O9)) | C9: =IF($O9="","",INDEX(风险登记册!$B$9:$B$108,$O9)) | D9: =IF($O9="","",INDEX(风险登记册!$D$9:$D$108,$O9)) | E9: =IF($O9="","",INDEX(风险登记册!$C$9:$C$108,$O9)) | F9: =IF($O9="","",INDEX(风险登记册!$AH$9:$AH$108,$O9)) | G9: =IF($O9="","",INDEX(风险登记册!$AI$9:$AI$108,$O9)) | H9: =IF($O9="","",INDEX(风险登记册!$Z$9:$Z$108,$O9)) | I9: =IF($O9="","",INDEX(风险登记册!$AC$9:$AC$108,$O9)) | J9: =IF($O9="","",INDEX(风险登记册!$W$9:$W$108,$O9)) | K9: =IF($O9="","",INDEX(风险登记册!$AB$9:$AB$108,$O9)) | L9: =IF($B9="","",IFERROR(INDEX(风险应对计划!$E$9:$E$108,MATCH($B9,风险应对计划!$B$9:$B$108,0)),"")) | O9: =IFERROR(MATCH(ROWS($A$5:A9),风险登记册!$AR$9:$AR$108,0),"")
A10: =IF(O10="","",ROWS($A$5:A10)) | B10: =IF($O10="","",INDEX(风险登记册!$A$9:$A$108,$O10)) | C10: =IF($O10="","",INDEX(风险登记册!$B$9:$B$108,$O10)) | D10: =IF($O10="","",INDEX(风险登记册!$D$9:$D$108,$O10)) | E10: =IF($O10="","",INDEX(风险登记册!$C$9:$C$108,$O10)) | F10: =IF($O10="","",INDEX(风险登记册!$AH$9:$AH$108,$O10)) | G10: =IF($O10="","",INDEX(风险登记册!$AI$9:$AI$108,$O10)) | H10: =IF($O10="","",INDEX(风险登记册!$Z$9:$Z$108,$O10)) | I10: =IF($O10="","",INDEX(风险登记册!$AC$9:$AC$108,$O10)) | J10: =IF($O10="","",INDEX(风险登记册!$W$9:$W$108,$O10)) | K10: =IF($O10="","",INDEX(风险登记册!$AB$9:$AB$108,$O10)) | L10: =IF($B10="","",IFERROR(INDEX(风险应对计划!$E$9:$E$108,MATCH($B10,风险应对计划!$B$9:$B$108,0)),"")) | O10: =IFERROR(MATCH(ROWS($A$5:A10),风险登记册!$AR$9:$AR$108,0),"")
A11: =IF(O11="","",ROWS($A$5:A11)) | B11: =IF($O11="","",INDEX(风险登记册!$A$9:$A$108,$O11)) | C11: =IF($O11="","",INDEX(风险登记册!$B$9:$B$108,$O11)) | D11: =IF($O11="","",INDEX(风险登记册!$D$9:$D$108,$O11)) | E11: =IF($O11="","",INDEX(风险登记册!$C$9:$C$108,$O11)) | F11: =IF($O11="","",INDEX(风险登记册!$AH$9:$AH$108,$O11)) | G11: =IF($O11="","",INDEX(风险登记册!$AI$9:$AI$108,$O11)) | H11: =IF($O11="","",INDEX(风险登记册!$Z$9:$Z$108,$O11)) | I11: =IF($O11="","",INDEX(风险登记册!$AC$9:$AC$108,$O11)) | J11: =IF($O11="","",INDEX(风险登记册!$W$9:$W$108,$O11)) | K11: =IF($O11="","",INDEX(风险登记册!$AB$9:$AB$108,$O11)) | L11: =IF($B11="","",IFERROR(INDEX(风险应对计划!$E$9:$E$108,MATCH($B11,风险应对计划!$B$9:$B$108,0)),"")) | O11: =IFERROR(MATCH(ROWS($A$5:A11),风险登记册!$AR$9:$AR$108,0),"")
A12: =IF(O12="","",ROWS($A$5:A12)) | B12: =IF($O12="","",INDEX(风险登记册!$A$9:$A$108,$O12)) | C12: =IF($O12="","",INDEX(风险登记册!$B$9:$B$108,$O12)) | D12: =IF($O12="","",INDEX(风险登记册!$D$9:$D$108,$O12)) | E12: =IF($O12="","",INDEX(风险登记册!$C$9:$C$108,$O12)) | F12: =IF($O12="","",INDEX(风险登记册!$AH$9:$AH$108,$O12)) | G12: =IF($O12="","",INDEX(风险登记册!$AI$9:$AI$108,$O12)) | H12: =IF($O12="","",INDEX(风险登记册!$Z$9:$Z$108,$O12)) | I12: =IF($O12="","",INDEX(风险登记册!$AC$9:$AC$108,$O12)) | J12: =IF($O12="","",INDEX(风险登记册!$W$9:$W$108,$O12)) | K12: =IF($O12="","",INDEX(风险登记册!$AB$9:$AB$108,$O12)) | L12: =IF($B12="","",IFERROR(INDEX(风险应对计划!$E$9:$E$108,MATCH($B12,风险应对计划!$B$9:$B$108,0)),"")) | O12: =IFERROR(MATCH(ROWS($A$5:A12),风险登记册!$AR$9:$AR$108,0),"")
A13: =IF(O13="","",ROWS($A$5:A13)) | B13: =IF($O13="","",INDEX(风险登记册!$A$9:$A$108,$O13)) | C13: =IF($O13="","",INDEX(风险登记册!$B$9:$B$108,$O13)) | D13: =IF($O13="","",INDEX(风险登记册!$D$9:$D$108,$O13)) | E13: =IF($O13="","",INDEX(风险登记册!$C$9:$C$108,$O13)) | F13: =IF($O13="","",INDEX(风险登记册!$AH$9:$AH$108,$O13)) | G13: =IF($O13="","",INDEX(风险登记册!$AI$9:$AI$108,$O13)) | H13: =IF($O13="","",INDEX(风险登记册!$Z$9:$Z$108,$O13)) | I13: =IF($O13="","",INDEX(风险登记册!$AC$9:$AC$108,$O13)) | J13: =IF($O13="","",INDEX(风险登记册!$W$9:$W$108,$O13)) | K13: =IF($O13="","",INDEX(风险登记册!$AB$9:$AB$108,$O13)) | L13: =IF($B13="","",IFERROR(INDEX(风险应对计划!$E$9:$E$108,MATCH($B13,风险应对计划!$B$9:$B$108,0)),"")) | O13: =IFERROR(MATCH(ROWS($A$5:A13),风险登记册!$AR$9:$AR$108,0),"")
A14: =IF(O14="","",ROWS($A$5:A14)) | B14: =IF($O14="","",INDEX(风险登记册!$A$9:$A$108,$O14)) | C14: =IF($O14="","",INDEX(风险登记册!$B$9:$B$108,$O14)) | D14: =IF($O14="","",INDEX(风险登记册!$D$9:$D$108,$O14)) | E14: =IF($O14="","",INDEX(风险登记册!$C$9:$C$108,$O14)) | F14: =IF($O14="","",INDEX(风险登记册!$AH$9:$AH$108,$O14)) | G14: =IF($O14="","",INDEX(风险登记册!$AI$9:$AI$108,$O14)) | H14: =IF($O14="","",INDEX(风险登记册!$Z$9:$Z$108,$O14)) | I14: =IF($O14="","",INDEX(风险登记册!$AC$9:$AC$108,$O14)) | J14: =IF($O14="","",INDEX(风险登记册!$W$9:$W$108,$O14)) | K14: =IF($O14="","",INDEX(风险登记册!$AB$9:$AB$108,$O14)) | L14: =IF($B14="","",IFERROR(INDEX(风险应对计划!$E$9:$E$108,MATCH($B14,风险应对计划!$B$9:$B$108,0)),"")) | O14: =IFERROR(MATCH(ROWS($A$5:A14),风险登记册!$AR$9:$AR$108,0),"")
A15: =IF(O15="","",ROWS($A$5:A15)) | B15: =IF($O15="","",INDEX(风险登记册!$A$9:$A$108,$O15)) | C15: =IF($O15="","",INDEX(风险登记册!$B$9:$B$108,$O15)) | D15: =IF($O15="","",INDEX(风险登记册!$D$9:$D$108,$O15)) | E15: =IF($O15="","",INDEX(风险登记册!$C$9:$C$108,$O15)) | F15: =IF($O15="","",INDEX(风险登记册!$AH$9:$AH$108,$O15)) | G15: =IF($O15="","",INDEX(风险登记册!$AI$9:$AI$108,$O15)) | H15: =IF($O15="","",INDEX(风险登记册!$Z$9:$Z$108,$O15)) | I15: =IF($O15="","",INDEX(风险登记册!$AC$9:$AC$108,$O15)) | J15: =IF($O15="","",INDEX(风险登记册!$W$9:$W$108,$O15)) | K15: =IF($O15="","",INDEX(风险登记册!$AB$9:$AB$108,$O15)) | L15: =IF($B15="","",IFERROR(INDEX(风险应对计划!$E$9:$E$108,MATCH($B15,风险应对计划!$B$9:$B$108,0)),"")) | O15: =IFERROR(MATCH(ROWS($A$5:A15),风险登记册!$AR$9:$AR$108,0),"")
A16: =IF(O16="","",ROWS($A$5:A16)) | B16: =IF($O16="","",INDEX(风险登记册!$A$9:$A$108,$O16)) | C16: =IF($O16="","",INDEX(风险登记册!$B$9:$B$108,$O16)) | D16: =IF($O16="","",INDEX(风险登记册!$D$9:$D$108,$O16)) | E16: =IF($O16="","",INDEX(风险登记册!$C$9:$C$108,$O16)) | F16: =IF($O16="","",INDEX(风险登记册!$AH$9:$AH$108,$O16)) | G16: =IF($O16="","",INDEX(风险登记册!$AI$9:$AI$108,$O16)) | H16: =IF($O16="","",INDEX(风险登记册!$Z$9:$Z$108,$O16)) | I16: =IF($O16="","",INDEX(风险登记册!$AC$9:$AC$108,$O16)) | J16: =IF($O16="","",INDEX(风险登记册!$W$9:$W$108,$O16)) | K16: =IF($O16="","",INDEX(风险登记册!$AB$9:$AB$108,$O16)) | L16: =IF($B16="","",IFERROR(INDEX(风险应对计划!$E$9:$E$108,MATCH($B16,风险应对计划!$B$9:$B$108,0)),"")) | O16: =IFERROR(MATCH(ROWS($A$5:A16),风险登记册!$AR$9:$AR$108,0),"")
... A34: =IF(O34="","",ROWS($A$5:A34)) | B34: =IF($O34="","",INDEX(风险登记册!$A$9:$A$108,$O34)) | C34: =IF($O34="","",INDEX(风险登记册!$B$9:$B$108,$O34)) | D34: =IF($O34="","",INDEX(风险登记册!$D$9:$D$108,$O34)) | E34: =IF($O34="","",INDEX(风险登记册!$C$9:$C$108,$O34)) | F34: =IF($O34="","",INDEX(风险登记册!$AH$9:$AH$108,$O34)) | G34: =IF($O34="","",INDEX(风险登记册!$AI$9:$AI$108,$O34)) | H34: =IF($O34="","",INDEX(风险登记册!$Z$9:$Z$108,$O34)) | I34: =IF($O34="","",INDEX(风险登记册!$AC$9:$AC$108,$O34)) | J34: =IF($O34="","",INDEX(风险登记册!$W$9:$W$108,$O34)) | K34: =IF($O34="","",INDEX(风险登记册!$AB$9:$AB$108,$O34)) | L34: =IF($B34="","",IFERROR(INDEX(风险应对计划!$E$9:$E$108,MATCH($B34,风险应对计划!$B$9:$B$108,0)),"")) | O34: =IFERROR(MATCH(ROWS($A$5:A34),风险登记册!$AR$9:$AR$108,0),"")

Sheet 重大风险应对
A1: 重大风险专项应对
A2: 用于重大风险的场景分析、应急计划、备用计划、储备和正式批准。
A4: 专项ID | B4: 风险ID | C4: 风险名称 | D4: 影响目标 | E4: 关联里程碑/交付物 | F4: 最坏情景 | G4: 较可能情景 | H4: 最好情景 | I4: 发生窗口 | J4: 关键假设 | K4: 依赖事项 | L4: 应对策略 | M4: 主应对方案 | N4: 触发条件 | O4: 应急计划 | P4: 备用计划 | Q4: 应急储备 | R4: 决策权限 | S4: 升级路径 | T4: 基准影响 | U4: 批准人 | V4: 决策日期 | W4: 决策结论 | X4: 接受的剩余风险 | Y4: 下次专项评审日期
A5: =IF(B5="","","MR-"&TEXT(ROW()-4,"000")) | C5: =IF(B5="","",IFERROR(INDEX(风险登记册!$B$9:$B$108,MATCH(B5,风险登记册!$A$9:$A$108,0)),""))
A6: =IF(B6="","","MR-"&TEXT(ROW()-4,"000")) | C6: =IF(B6="","",IFERROR(INDEX(风险登记册!$B$9:$B$108,MATCH(B6,风险登记册!$A$9:$A$108,0)),""))
A7: =IF(B7="","","MR-"&TEXT(ROW()-4,"000")) | C7: =IF(B7="","",IFERROR(INDEX(风险登记册!$B$9:$B$108,MATCH(B7,风险登记册!$A$9:$A$108,0)),""))
A8: =IF(B8="","","MR-"&TEXT(ROW()-4,"000")) | C8: =IF(B8="","",IFERROR(INDEX(风险登记册!$B$9:$B$108,MATCH(B8,风险登记册!$A$9:$A$108,0)),""))
A9: =IF(B9="","","MR-"&TEXT(ROW()-4,"000")) | C9: =IF(B9="","",IFERROR(INDEX(风险登记册!$B$9:$B$108,MATCH(B9,风险登记册!$A$9:$A$108,0)),""))
A10: =IF(B10="","","MR-"&TEXT(ROW()-4,"000")) | C10: =IF(B10="","",IFERROR(INDEX(风险登记册!$B$9:$B$108,MATCH(B10,风险登记册!$A$9:$A$108,0)),""))
A11: =IF(B11="","","MR-"&TEXT(ROW()-4,"000")) | C11: =IF(B11="","",IFERROR(INDEX(风险登记册!$B$9:$B$108,MATCH(B11,风险登记册!$A$9:$A$108,0)),""))
A12: =IF(B12="","","MR-"&TEXT(ROW()-4,"000")) | C12: =IF(B12="","",IFERROR(INDEX(风险登记册!$B$9:$B$108,MATCH(B12,风险登记册!$A$9:$A$108,0)),""))
A13: =IF(B13="","","MR-"&TEXT(ROW()-4,"000")) | C13: =IF(B13="","",IFERROR(INDEX(风险登记册!$B$9:$B$108,MATCH(B13,风险登记册!$A$9:$A$108,0)),""))
A14: =IF(B14="","","MR-"&TEXT(ROW()-4,"000")) | C14: =IF(B14="","",IFERROR(INDEX(风险登记册!$B$9:$B$108,MATCH(B14,风险登记册!$A$9:$A$108,0)),""))
A15: =IF(B15="","","MR-"&TEXT(ROW()-4,"000")) | C15: =IF(B15="","",IFERROR(INDEX(风险登记册!$B$9:$B$108,MATCH(B15,风险登记册!$A$9:$A$108,0)),""))
A16: =IF(B16="","","MR-"&TEXT(ROW()-4,"000")) | C16: =IF(B16="","",IFERROR(INDEX(风险登记册!$B$9:$B$108,MATCH(B16,风险登记册!$A$9:$A$108,0)),""))
... A24: =IF(B24="","","MR-"&TEXT(ROW()-4,"000")) | C24: =IF(B24="","",IFERROR(INDEX(风险登记册!$B$9:$B$108,MATCH(B24,风险登记册!$A$9:$A$108,0)),""))

Sheet 风险应对计划
A1: 风险应对计划
A2: 将风险应对策略拆解为可执行、可验收、可追踪的行动。
A4: 行动ID | B4: 风险ID | C4: 风险名称 | D4: 应对策略 | E4: 应对措施 | F4: 行动类型 | G4: 行动责任人 | H4: 配合部门 | I4: 计划开始日期 | J4: 计划完成日期 | K4: 实际完成日期 | L4: 所需工时 | M4: 预算 | N4: 交付证据 | O4: 完成百分比 | P4: 行动状态 | Q4: 是否逾期 | R4: 实施效果 | S4: 剩余风险评价 | T4: 备注
A5: =IF(B5="","","RA-"&TEXT(ROW()-4,"000")) | C5: =IF(B5="","",IFERROR(INDEX(风险登记册!$B$9:$B$108,MATCH(B5,风险登记册!$A$9:$A$108,0)),"")) | Q5: =IF(B5="","",IF(AND(J5<项目驾驶舱!$B$3,P5<>"已完成"),"是","否"))
A6: =IF(B6="","","RA-"&TEXT(ROW()-4,"000")) | C6: =IF(B6="","",IFERROR(INDEX(风险登记册!$B$9:$B$108,MATCH(B6,风险登记册!$A$9:$A$108,0)),"")) | Q6: =IF(B6="","",IF(AND(J6<项目驾驶舱!$B$3,P6<>"已完成"),"是","否"))
A7: =IF(B7="","","RA-"&TEXT(ROW()-4,"000")) | C7: =IF(B7="","",IFERROR(INDEX(风险登记册!$B$9:$B$108,MATCH(B7,风险登记册!$A$9:$A$108,0)),"")) | Q7: =IF(B7="","",IF(AND(J7<项目驾驶舱!$B$3,P7<>"已完成"),"是","否"))
A8: =IF(B8="","","RA-"&TEXT(ROW()-4,"000")) | C8: =IF(B8="","",IFERROR(INDEX(风险登记册!$B$9:$B$108,MATCH(B8,风险登记册!$A$9:$A$108,0)),"")) | Q8: =IF(B8="","",IF(AND(J8<项目驾驶舱!$B$3,P8<>"已完成"),"是","否"))
A9: =IF(B9="","","RA-"&TEXT(ROW()-4,"000")) | C9: =IF(B9="","",IFERROR(INDEX(风险登记册!$B$9:$B$108,MATCH(B9,风险登记册!$A$9:$A$108,0)),"")) | Q9: =IF(B9="","",IF(AND(J9<项目驾驶舱!$B$3,P9<>"已完成"),"是","否"))
A10: =IF(B10="","","RA-"&TEXT(ROW()-4,"000")) | C10: =IF(B10="","",IFERROR(INDEX(风险登记册!$B$9:$B$108,MATCH(B10,风险登记册!$A$9:$A$108,0)),"")) | Q10: =IF(B10="","",IF(AND(J10<项目驾驶舱!$B$3,P10<>"已完成"),"是","否"))
A11: =IF(B11="","","RA-"&TEXT(ROW()-4,"000")) | C11: =IF(B11="","",IFERROR(INDEX(风险登记册!$B$9:$B$108,MATCH(B11,风险登记册!$A$9:$A$108,0)),"")) | Q11: =IF(B11="","",IF(AND(J11<项目驾驶舱!$B$3,P11<>"已完成"),"是","否"))
A12: =IF(B12="","","RA-"&TEXT(ROW()-4,"000")) | C12: =IF(B12="","",IFERROR(INDEX(风险登记册!$B$9:$B$108,MATCH(B12,风险登记册!$A$9:$A$108,0)),"")) | Q12: =IF(B12="","",IF(AND(J12<项目驾驶舱!$B$3,P12<>"已完成"),"是","否"))
A13: =IF(B13="","","RA-"&TEXT(ROW()-4,"000")) | C13: =IF(B13="","",IFERROR(INDEX(风险登记册!$B$9:$B$108,MATCH(B13,风险登记册!$A$9:$A$108,0)),"")) | Q13: =IF(B13="","",IF(AND(J13<项目驾驶舱!$B$3,P13<>"已完成"),"是","否"))
A14: =IF(B14="","","RA-"&TEXT(ROW()-4,"000")) | C14: =IF(B14="","",IFERROR(INDEX(风险登记册!$B$9:$B$108,MATCH(B14,风险登记册!$A$9:$A$108,0)),"")) | Q14: =IF(B14="","",IF(AND(J14<项目驾驶舱!$B$3,P14<>"已完成"),"是","否"))
A15: =IF(B15="","","RA-"&TEXT(ROW()-4,"000")) | C15: =IF(B15="","",IFERROR(INDEX(风险登记册!$B$9:$B$108,MATCH(B15,风险登记册!$A$9:$A$108,0)),"")) | Q15: =IF(B15="","",IF(AND(J15<项目驾驶舱!$B$3,P15<>"已完成"),"是","否"))
A16: =IF(B16="","","RA-"&TEXT(ROW()-4,"000")) | C16: =IF(B16="","",IFERROR(INDEX(风险登记册!$B$9:$B$108,MATCH(B16,风险登记册!$A$9:$A$108,0)),"")) | Q16: =IF(B16="","",IF(AND(J16<项目驾驶舱!$B$3,P16<>"已完成"),"是","否"))
... A104: =IF(B104="","","RA-"&TEXT(ROW()-4,"000")) | C104: =IF(B104="","",IFERROR(INDEX(风险登记册!$B$9:$B$108,MATCH(B104,风险登记册!$A$9:$A$108,0)),"")) | Q104: =IF(B104="","",IF(AND(J104<项目驾驶舱!$B$3,P104<>"已完成"),"是","否"))

Sheet 风险问题台账
A1: 风险与问题闭环台账
A3: 编号 | B3: 类型 | C3: 风险/问题描述 | D3: 等级 | E3: 影响范围 | F3: 责任人 | G3: 应对措施 | H3: 计划关闭 | I3: 实际关闭 | J3: 触发条件/根因 | K3: 状态 | L3: 剩余天数 | M3: 是否逾期 | N3: 跟踪记录
A4: R-001 | B4: 风险 | C4: 法治平台全面上线时间影响相关功能投产 | D4: 高 | E4: 合同信息集成 | F4: 集成负责人 | G4: 确认对方正式上线窗口，制定模拟数据和延期切换方案 | H4: 46310 | J4: 对方10月后方可正式支撑 | K4: 处理中 | L4: =IF(H4="","",H4-项目驾驶舱!$B$3) | M4: =IF(OR(K4="已关闭",H4=""),"否",IF(H4<项目驾驶舱!$B$3,"是","否")) | N4: 来源：原计划-集成工作
A5: R-002 | B5: 风险 | C5: 法治平台不提供合同接收接口，可能无法满足本系统录入合同需求 | D5: 高 | E5: 合同业务闭环 | F5: 项目经理 | G5: 推动用户决策，形成接口边界与替代方案确认单 | H5: 46283 | J5: 接口能力与业务诉求不一致 | K5: 待处理 | L5: =IF(H5="","",H5-项目驾驶舱!$B$3) | M5: =IF(OR(K5="已关闭",H5=""),"否",IF(H5<项目驾驶舱!$B$3,"是","否")) | N5: 来源：原计划-集成工作
A6: R-003 | B6: 风险 | C6: OCR识别耗时约1分钟，影响业务效率 | D6: 中 | E6: OCR能力 | F6: 技术负责人 | G6: 压测典型文件，确定超时阈值、异步处理与结果回调方案 | H6: 46290 | J6: 外部大模型服务性能 | K6: 处理中 | L6: =IF(H6="","",H6-项目驾驶舱!$B$3) | M6: =IF(OR(K6="已关闭",H6=""),"否",IF(H6<项目驾驶舱!$B$3,"是","否")) | N6: 来源：原计划-集成工作
A7: R-004 | B7: 风险 | C7: 视频监控数据对接范围尚未明确 | D7: 高 | E7: 视频监控 | F7: 集成负责人 | G7: 确认科技项目覆盖清单并补充缺口方案 | H7: 46280 | J7: 上游系统范围不确定 | K7: 待处理 | L7: =IF(H7="","",H7-项目驾驶舱!$B$3) | M7: =IF(OR(K7="已关闭",H7=""),"否",IF(H7<项目驾驶舱!$B$3,"是","否")) | N7: 来源：原计划-集成工作
A8: R-005 | B8: 风险 | C8: 太仓港管控一体化系统刚立项，集成工作无法按期开展 | D8: 高 | E8: 太仓港数据集成 | F8: 项目经理 | G8: 拆分依赖与非依赖工作，设立外部条件就绪门槛 | H8: 46326 | J8: 外部项目未形成可对接环境 | K8: 处理中 | L8: =IF(H8="","",H8-项目驾驶舱!$B$3) | M8: =IF(OR(K8="已关闭",H8=""),"否",IF(H8<项目驾驶舱!$B$3,"是","否")) | N8: 来源：原计划-集成工作
A9: R-006 | B9: 风险 | C9: 第二批次存在大量未开始任务，后续开发测试窗口集中 | D9: 高 | E9: 第二批次 | F9: 开发负责人 | G9: 按关键路径重排优先级，按周跟踪启动率与完成率 | H9: 46276 | J9: 资源与工作量集中 | K9: 待处理 | L9: =IF(H9="","",H9-项目驾驶舱!$B$3) | M9: =IF(OR(K9="已关闭",H9=""),"否",IF(H9<项目驾驶舱!$B$3,"是","否")) | N9: 基于开发计划识别
L10: =IF(H10="","",H10-项目驾驶舱!$B$3) | M10: =IF(OR(K10="已关闭",H10=""),"否",IF(H10<项目驾驶舱!$B$3,"是","否"))
L11: =IF(H11="","",H11-项目驾驶舱!$B$3) | M11: =IF(OR(K11="已关闭",H11=""),"否",IF(H11<项目驾驶舱!$B$3,"是","否"))
L12: =IF(H12="","",H12-项目驾驶舱!$B$3) | M12: =IF(OR(K12="已关闭",H12=""),"否",IF(H12<项目驾驶舱!$B$3,"是","否"))
L13: =IF(H13="","",H13-项目驾驶舱!$B$3) | M13: =IF(OR(K13="已关闭",H13=""),"否",IF(H13<项目驾驶舱!$B$3,"是","否"))
L14: =IF(H14="","",H14-项目驾驶舱!$B$3) | M14: =IF(OR(K14="已关闭",H14=""),"否",IF(H14<项目驾驶舱!$B$3,"是","否"))
L15: =IF(H15="","",H15-项目驾驶舱!$B$3) | M15: =IF(OR(K15="已关闭",H15=""),"否",IF(H15<项目驾驶舱!$B$3,"是","否"))
L16: =IF(H16="","",H16-项目驾驶舱!$B$3) | M16: =IF(OR(K16="已关闭",H16=""),"否",IF(H16<项目驾驶舱!$B$3,"是","否"))
L17: =IF(H17="","",H17-项目驾驶舱!$B$3) | M17: =IF(OR(K17="已关闭",H17=""),"否",IF(H17<项目驾驶舱!$B$3,"是","否"))
L18: =IF(H18="","",H18-项目驾驶舱!$B$3) | M18: =IF(OR(K18="已关闭",H18=""),"否",IF(H18<项目驾驶舱!$B$3,"是","否"))
L19: =IF(H19="","",H19-项目驾驶舱!$B$3) | M19: =IF(OR(K19="已关闭",H19=""),"否",IF(H19<项目驾驶舱!$B$3,"是","否"))
L20: =IF(H20="","",H20-项目驾驶舱!$B$3) | M20: =IF(OR(K20="已关闭",H20=""),"否",IF(H20<项目驾驶舱!$B$3,"是","否"))
L21: =IF(H21="","",H21-项目驾驶舱!$B$3) | M21: =IF(OR(K21="已关闭",H21=""),"否",IF(H21<项目驾驶舱!$B$3,"是","否"))
... L103: =IF(H103="","",H103-项目驾驶舱!$B$3) | M103: =IF(OR(K103="已关闭",H103=""),"否",IF(H103<项目驾驶舱!$B$3,"是","否"))

Sheet 变更台账
A1: 项目变更台账
A3: 变更编号 | B3: 提出日期 | C3: 提出人 | D3: 变更内容 | E3: 变更原因 | F3: 优先级 | G3: 审批状态 | H3: 范围影响 | I3: 工期影响(天) | J3: 成本影响 | K3: 评估人 | L3: 批准人 | M3: 实施日期 | N3: 关闭说明

Sheet 待决策事项
A1: 待决策事项
A2: 记录超出项目团队权限、需要管理层或业务方明确取舍的事项。黄色单元格需要人工维护。
A4: 决策ID | B4: 提出日期 | C4: 决策主题 | D4: 背景与现状 | E4: 可选方案 | F4: 建议方案 | G4: 决策人 | H4: 需要日期 | I4: 当前状态 | J4: 逾期天数 | K4: 影响范围 | L4: 决策结果 | M4: 关闭日期
A5: =IF(C5="","","D-"&TEXT(ROW()-4,"000")) | J5: =IF(OR(H5="",I5="已决策"),0,MAX(0,项目驾驶舱!$B$3-H5))
A6: =IF(C6="","","D-"&TEXT(ROW()-4,"000")) | J6: =IF(OR(H6="",I6="已决策"),0,MAX(0,项目驾驶舱!$B$3-H6))
A7: =IF(C7="","","D-"&TEXT(ROW()-4,"000")) | J7: =IF(OR(H7="",I7="已决策"),0,MAX(0,项目驾驶舱!$B$3-H7))
A8: =IF(C8="","","D-"&TEXT(ROW()-4,"000")) | J8: =IF(OR(H8="",I8="已决策"),0,MAX(0,项目驾驶舱!$B$3-H8))
A9: =IF(C9="","","D-"&TEXT(ROW()-4,"000")) | J9: =IF(OR(H9="",I9="已决策"),0,MAX(0,项目驾驶舱!$B$3-H9))
A10: =IF(C10="","","D-"&TEXT(ROW()-4,"000")) | J10: =IF(OR(H10="",I10="已决策"),0,MAX(0,项目驾驶舱!$B$3-H10))
A11: =IF(C11="","","D-"&TEXT(ROW()-4,"000")) | J11: =IF(OR(H11="",I11="已决策"),0,MAX(0,项目驾驶舱!$B$3-H11))
A12: =IF(C12="","","D-"&TEXT(ROW()-4,"000")) | J12: =IF(OR(H12="",I12="已决策"),0,MAX(0,项目驾驶舱!$B$3-H12))
A13: =IF(C13="","","D-"&TEXT(ROW()-4,"000")) | J13: =IF(OR(H13="",I13="已决策"),0,MAX(0,项目驾驶舱!$B$3-H13))
A14: =IF(C14="","","D-"&TEXT(ROW()-4,"000")) | J14: =IF(OR(H14="",I14="已决策"),0,MAX(0,项目驾驶舱!$B$3-H14))
A15: =IF(C15="","","D-"&TEXT(ROW()-4,"000")) | J15: =IF(OR(H15="",I15="已决策"),0,MAX(0,项目驾驶舱!$B$3-H15))
A16: =IF(C16="","","D-"&TEXT(ROW()-4,"000")) | J16: =IF(OR(H16="",I16="已决策"),0,MAX(0,项目驾驶舱!$B$3-H16))
... A54: =IF(C54="","","D-"&TEXT(ROW()-4,"000")) | J54: =IF(OR(H54="",I54="已决策"),0,MAX(0,项目驾驶舱!$B$3-H54))

Sheet _数据接口
A1: 字段 | B1: 值
A2: Project_ID | B2: ECM-2026
A3: 项目名称 | B3: 能源行业合同全生命周期管理系统
A4: 模块编码 | B4: 05
A5: 生成日期 | B5: 2026-09-16
A6: 中央数据库 | B6: ../90_项目数据中心/ai_pmo.db
